Source,Target,Edge Type,Weight,Label
gd_founding,stella_matutina,direct_influence,4,influenced
gd_founding,a_a_founding,direct_influence,4,influenced
gd_founding,inner_light,direct_influence,4,influenced
crowley_book_of_law,abbey_thelema,direct_influence,4,influenced
crowley_book_of_law,a_a_founding,direct_influence,4,influenced
gd_founding,crowley_book_of_law,direct_influence,4,influenced
waite_smith_tarot,crowley_book_of_thoth,direct_influence,4,influenced
gd_founding,waite_smith_tarot,direct_influence,4,influenced
crowley_equinox_journal,crowley_magick_book,direct_influence,4,influenced
crowley_book_of_law,crowley_equinox_journal,direct_influence,4,influenced
gd_founding,waite_ceremonial_magic,direct_influence,4,influenced
crowley_oto_head,crowley_magick_book,direct_influence,4,influenced
crowley_oto_head,abbey_thelema,direct_influence,4,influenced
crowley_book_of_law,crowley_oto_head,direct_influence,4,influenced
crowley_magick_book,crowley_magick_theory_practice,direct_influence,4,influenced
crowley_book_of_law,crowley_magick_book,direct_influence,4,influenced
yeats_hour_glass,yeats_vision,direct_influence,4,influenced
gd_founding,yeats_hour_glass,direct_influence,4,influenced
wwi_outbreak_occult,wwi_trench_magic,direct_influence,4,influenced
wwi_outbreak_occult,spiritualism_boom_1917,direct_influence,4,influenced
wwi_trench_magic,blitz_protective_magic,direct_influence,4,influenced
psychic_gazette_founded,spiritualism_boom_1917,direct_influence,4,influenced
trench_letter_charms,blitz_protective_magic,direct_influence,4,influenced
wwi_trench_magic,trench_letter_charms,direct_influence,4,influenced
spiritualism_boom_1917,fortune_psychic_crisis,direct_influence,4,influenced
wwi_outbreak_occult,spiritualism_boom_1917,direct_influence,4,influenced
moina_mathers_leadership,fortune_joins_alpha_omega,direct_influence,4,influenced
gd_founding,moina_mathers_leadership,direct_influence,4,influenced
fortune_psychic_crisis,fortune_psychic_defense_articles,direct_influence,4,influenced
fortune_psychic_crisis,inner_light,direct_influence,4,influenced
spiritualism_boom_1917,fortune_psychic_crisis,direct_influence,4,influenced
gardner_returns_colonial,gardner_folklore_society,direct_influence,4,influenced
witch_column_1920,murray_witch_cult,direct_influence,4,influenced
abbey_thelema,crowley_expelled_italy,direct_influence,4,influenced
crowley_book_of_law,abbey_thelema,direct_influence,4,influenced
murray_witch_cult,gardner_witchcraft_today,direct_influence,4,influenced
fortune_joins_alpha_omega,inner_light,direct_influence,4,influenced
fortune_psychic_crisis,fortune_joins_alpha_omega,direct_influence,4,influenced
moina_mathers_leadership,fortune_joins_alpha_omega,direct_influence,4,influenced
crowley_expelled_italy,abbey_thelema_raided,direct_influence,4,influenced
abbey_thelema,crowley_expelled_italy,direct_influence,4,influenced
fortune_psychic_defense_articles,dion_fortune_psychic_defense,direct_influence,4,influenced
fortune_psychic_crisis,fortune_psychic_defense_articles,direct_influence,4,influenced
crowley_expelled_italy,abbey_thelema_raided,direct_influence,4,influenced
inner_light,dion_fortune_psychic_defense,direct_influence,4,influenced
inner_light,fortune_magical_battle,direct_influence,4,influenced
fortune_joins_alpha_omega,inner_light,direct_influence,4,influenced
fortune_psychic_crisis,inner_light,direct_influence,4,influenced
gd_founding,yeats_vision,direct_influence,4,influenced
yeats_hour_glass,yeats_vision,direct_influence,4,influenced
crowley_magick_theory_practice,crowley_book_of_thoth,direct_influence,4,influenced
crowley_magick_book,crowley_magick_theory_practice,direct_influence,4,influenced
abbey_thelema,crowley_magick_theory_practice,direct_influence,4,influenced
dion_fortune_psychic_defense,fortune_magical_battle,direct_influence,4,influenced
inner_light,dion_fortune_psychic_defense,direct_influence,4,influenced
fortune_psychic_defense_articles,dion_fortune_psychic_defense,direct_influence,4,influenced
gardner_folklore_society,gardner_witchcraft_today,direct_influence,4,influenced
murray_witch_cult,gardner_folklore_society,direct_influence,4,influenced
inner_light,fortune_mystical_qabalah,direct_influence,4,influenced
gd_founding,fortune_mystical_qabalah,direct_influence,4,influenced
gd_founding,regardie_golden_dawn,direct_influence,4,influenced
murray_god_of_witches,gardner_witchcraft_today,direct_influence,4,influenced
murray_witch_cult,murray_god_of_witches,direct_influence,4,influenced
gardner_new_forest_initiation,gardner_witchcraft_today,direct_influence,4,influenced
murray_witch_cult,gardner_new_forest_initiation,direct_influence,4,influenced
gardner_folklore_society,gardner_new_forest_initiation,direct_influence,4,influenced
blitz_begins,blitz_protective_magic,direct_influence,4,influenced
inner_light,fortune_magical_battle,direct_influence,4,influenced
dion_fortune_psychic_defense,fortune_magical_battle,direct_influence,4,influenced
wwi_trench_magic,blitz_protective_magic,direct_influence,4,influenced
blitz_begins,blitz_protective_magic,direct_influence,4,influenced
waite_smith_tarot,crowley_book_of_thoth,direct_influence,4,influenced
crowley_magick_theory_practice,crowley_book_of_thoth,direct_influence,4,influenced
witchcraft_act_repeal,gardner_witchcraft_today,direct_influence,4,influenced
papyrus_ani,hermetic_texts,direct_influence,4,influenced
picatrix_translation,key_of_solomon,direct_influence,4,influenced
sefer_hazohar,gd_founding,direct_influence,4,influenced
john_dee_monas,gd_founding,direct_influence,4,influenced
rosicrucian_revival,gd_founding,direct_influence,4,influenced
barrett_magus,levi_dogme_rituel,direct_influence,4,influenced
barrett_magus,gd_founding,direct_influence,4,influenced
fox_sisters_hydesville,spiritualism_boom_1917,direct_influence,4,influenced
levi_dogme_rituel,gd_founding,direct_influence,4,influenced
barrett_magus,levi_dogme_rituel,direct_influence,4,influenced
houghton_spirit_drawings,hilma_af_klint_paintings,direct_influence,4,influenced
fox_sisters_hydesville,houghton_spirit_drawings,direct_influence,4,influenced
leland_aradia,murray_witch_cult,direct_influence,4,influenced
leland_aradia,gardner_witchcraft_today,direct_influence,4,influenced
witchcraft_act_repeal,gardner_witchcraft_today,direct_influence,4,influenced
murray_witch_cult,gardner_witchcraft_today,direct_influence,4,influenced
leland_aradia,gardner_witchcraft_today,direct_influence,4,influenced
crowley_book_of_thoth,kenneth_anger_inauguration,direct_influence,4,influenced
fox_sisters_hydesville,roberts_seth_material,direct_influence,4,influenced
kenneth_anger_inauguration,jodorowsky_holy_mountain,direct_influence,4,influenced
beuys_dead_hare,schneemann_interior_scroll,direct_influence,4,influenced
spare_book_of_pleasure,carroll_liber_null,direct_influence,4,influenced
klarwein_bitches_brew,alex_grey_sacred_mirrors,direct_influence,4,influenced
carroll_liber_null,topy_founding,direct_influence,4,influenced
spare_book_of_pleasure,topy_founding,direct_influence,4,influenced
the_craft_film,instagram_witch_aesthetic,direct_influence,4,influenced
alex_grey_sacred_mirrors,chapel_sacred_mirrors,direct_influence,4,influenced
instagram_witch_aesthetic,witchtok_trend,direct_influence,4,influenced
the_craft_film,instagram_witch_aesthetic,direct_influence,4,influenced
ahs_coven,witchtok_trend,direct_influence,4,influenced
the_craft_film,ahs_coven,direct_influence,4,influenced
instagram_witch_aesthetic,witchtok_trend,direct_influence,4,influenced
ahs_coven,witchtok_trend,direct_influence,4,influenced
witch_hunt_reclamation,witch_1968,direct_influence,4,influenced
witch_hunt_reclamation,dianic_wicca,direct_influence,4,influenced
witch_hunt_reclamation,hex_patriarchy,direct_influence,4,influenced
fox_sisters_spiritualism,suffrage_movement,direct_influence,4,influenced
fox_sisters_spiritualism,theosophy_social,direct_influence,4,influenced
theosophy_anticolonial,indian_independence,direct_influence,4,influenced
theosophy_anticolonial,gardner_wicca,direct_influence,4,influenced
fox_sisters_spiritualism,theosophy_anticolonial,direct_influence,4,influenced
gardner_wicca_politics,dianic_wicca,direct_influence,4,influenced
gardner_wicca_politics,spiral_dance,direct_influence,4,influenced
gardner_wicca_politics,reclaiming,direct_influence,4,influenced
theosophy_anticolonial,gardner_wicca_politics,direct_influence,4,influenced
gd_founding,gardner_wicca_politics,direct_influence,4,influenced
witch_1968,dianic_wicca,direct_influence,4,influenced
witch_1968,reclaiming,direct_influence,4,influenced
witch_1968,hex_patriarchy,direct_influence,4,influenced
witch_hunt_reclamation,witch_1968,direct_influence,4,influenced
fox_sisters_spiritualism,witch_1968,direct_influence,4,influenced
dianic_wicca,reclaiming,direct_influence,4,influenced
dianic_wicca,goddess_movement,direct_influence,4,influenced
witch_1968,dianic_wicca,direct_influence,4,influenced
gardner_wicca_politics,dianic_wicca,direct_influence,4,influenced
spiral_dance,occupy_rituals,direct_influence,4,influenced
spiral_dance,magic_resistance,direct_influence,4,influenced
dianic_wicca,spiral_dance,direct_influence,4,influenced
gardner_wicca_politics,spiral_dance,direct_influence,4,influenced
radical_faeries,lgbtq_paganism,direct_influence,4,influenced
gardner_wicca_politics,radical_faeries,direct_influence,4,influenced
gay_liberation,radical_faeries,direct_influence,4,influenced
gardner_wicca_politics,pentacle_headstones,direct_influence,4,influenced
magic_resistance,hex_patriarchy,direct_influence,4,influenced
magic_resistance,witchtok_activism,direct_influence,4,influenced
witch_1968,magic_resistance,direct_influence,4,influenced
spiral_dance,magic_resistance,direct_influence,4,influenced
hex_patriarchy,witchtok_activism,direct_influence,4,influenced
witch_1968,hex_patriarchy,direct_influence,4,influenced
magic_resistance,hex_patriarchy,direct_influence,4,influenced
occupy_rituals,climate_activism,direct_influence,4,influenced
spiral_dance,occupy_rituals,direct_influence,4,influenced
magic_resistance,witchtok_activism,direct_influence,4,influenced
hex_patriarchy,witchtok_activism,direct_influence,4,influenced
spiral_dance,decolonial_paganism,direct_influence,4,influenced
environmentalism,decolonial_paganism,direct_influence,4,influenced
murray_witch_cult,gardner_wicca,direct_influence,4,influenced
gay_liberation,radical_faeries,direct_influence,4,influenced
gd_founding,moina_mathers_leadership,shared_figure,2,MacGregor Mathers
crowley_book_of_law,crowley_equinox_journal,shared_figure,2,Aleister Crowley
crowley_book_of_law,crowley_oto_head,shared_figure,2,Aleister Crowley
crowley_book_of_law,crowley_magick_book,shared_figure,2,Aleister Crowley
crowley_book_of_law,abbey_thelema,shared_figure,2,Aleister Crowley
crowley_book_of_law,crowley_expelled_italy,shared_figure,2,Aleister Crowley
crowley_book_of_law,abbey_thelema_raided,shared_figure,2,Aleister Crowley
crowley_book_of_law,crowley_magick_theory_practice,shared_figure,2,Aleister Crowley
crowley_book_of_law,crowley_book_of_thoth,shared_figure,2,Aleister Crowley
crowley_book_of_law,crowley_death,shared_figure,2,Aleister Crowley
crowley_book_of_law,a_a_founding,shared_figure,2,Aleister Crowley
crowley_equinox_journal,crowley_oto_head,shared_figure,2,Aleister Crowley
crowley_equinox_journal,crowley_magick_book,shared_figure,2,Aleister Crowley
crowley_equinox_journal,abbey_thelema,shared_figure,2,Aleister Crowley
crowley_equinox_journal,crowley_expelled_italy,shared_figure,2,Aleister Crowley
crowley_equinox_journal,abbey_thelema_raided,shared_figure,2,Aleister Crowley
crowley_equinox_journal,crowley_magick_theory_practice,shared_figure,2,Aleister Crowley
crowley_equinox_journal,crowley_book_of_thoth,shared_figure,2,Aleister Crowley
crowley_equinox_journal,crowley_death,shared_figure,2,Aleister Crowley
crowley_equinox_journal,a_a_founding,shared_figure,2,Aleister Crowley
crowley_oto_head,crowley_magick_book,shared_figure,2,Aleister Crowley
crowley_oto_head,abbey_thelema,shared_figure,2,Aleister Crowley
crowley_oto_head,crowley_expelled_italy,shared_figure,2,Aleister Crowley
crowley_oto_head,abbey_thelema_raided,shared_figure,2,Aleister Crowley
crowley_oto_head,crowley_magick_theory_practice,shared_figure,2,Aleister Crowley
crowley_oto_head,crowley_book_of_thoth,shared_figure,2,Aleister Crowley
crowley_oto_head,crowley_death,shared_figure,2,Aleister Crowley
crowley_oto_head,a_a_founding,shared_figure,2,Aleister Crowley
crowley_magick_book,abbey_thelema,shared_figure,2,Aleister Crowley
crowley_magick_book,crowley_expelled_italy,shared_figure,2,Aleister Crowley
crowley_magick_book,abbey_thelema_raided,shared_figure,2,Aleister Crowley
crowley_magick_book,crowley_magick_theory_practice,shared_figure,2,Aleister Crowley
crowley_magick_book,crowley_book_of_thoth,shared_figure,2,Aleister Crowley
crowley_magick_book,crowley_death,shared_figure,2,Aleister Crowley
crowley_magick_book,a_a_founding,shared_figure,2,Aleister Crowley
abbey_thelema,crowley_expelled_italy,shared_figure,2,Aleister Crowley
abbey_thelema,abbey_thelema_raided,shared_figure,2,Aleister Crowley
abbey_thelema,crowley_magick_theory_practice,shared_figure,2,Aleister Crowley
abbey_thelema,crowley_book_of_thoth,shared_figure,2,Aleister Crowley
abbey_thelema,crowley_death,shared_figure,2,Aleister Crowley
abbey_thelema,a_a_founding,shared_figure,2,Aleister Crowley
crowley_expelled_italy,abbey_thelema_raided,shared_figure,2,Aleister Crowley
crowley_expelled_italy,crowley_magick_theory_practice,shared_figure,2,Aleister Crowley
crowley_expelled_italy,crowley_book_of_thoth,shared_figure,2,Aleister Crowley
crowley_expelled_italy,crowley_death,shared_figure,2,Aleister Crowley
crowley_expelled_italy,a_a_founding,shared_figure,2,Aleister Crowley
abbey_thelema_raided,crowley_magick_theory_practice,shared_figure,2,Aleister Crowley
abbey_thelema_raided,crowley_book_of_thoth,shared_figure,2,Aleister Crowley
abbey_thelema_raided,crowley_death,shared_figure,2,Aleister Crowley
abbey_thelema_raided,a_a_founding,shared_figure,2,Aleister Crowley
crowley_magick_theory_practice,crowley_book_of_thoth,shared_figure,2,Aleister Crowley
crowley_magick_theory_practice,crowley_death,shared_figure,2,Aleister Crowley
crowley_magick_theory_practice,a_a_founding,shared_figure,2,Aleister Crowley
crowley_book_of_thoth,crowley_death,shared_figure,2,Aleister Crowley
crowley_book_of_thoth,a_a_founding,shared_figure,2,Aleister Crowley
crowley_death,a_a_founding,shared_figure,2,Aleister Crowley
waite_smith_tarot,waite_ceremonial_magic,shared_figure,2,Arthur Edward Waite
yeats_hour_glass,yeats_vision,shared_figure,2,W.B. Yeats
moina_mathers_leadership,fortune_joins_alpha_omega,shared_figure,2,Moina Mathers
fortune_psychic_crisis,fortune_joins_alpha_omega,shared_figure,2,Dion Fortune
fortune_psychic_crisis,fortune_psychic_defense_articles,shared_figure,2,Dion Fortune
fortune_psychic_crisis,inner_light,shared_figure,2,Dion Fortune
fortune_psychic_crisis,dion_fortune_psychic_defense,shared_figure,2,Dion Fortune
fortune_psychic_crisis,fortune_mystical_qabalah,shared_figure,2,Dion Fortune
fortune_psychic_crisis,fortune_magical_battle,shared_figure,2,Dion Fortune
fortune_psychic_crisis,dion_fortune_death,shared_figure,2,Dion Fortune
fortune_psychic_crisis,stella_matutina,shared_figure,2,Dion Fortune
fortune_joins_alpha_omega,fortune_psychic_defense_articles,shared_figure,2,Dion Fortune
fortune_joins_alpha_omega,inner_light,shared_figure,2,Dion Fortune
fortune_joins_alpha_omega,dion_fortune_psychic_defense,shared_figure,2,Dion Fortune
fortune_joins_alpha_omega,fortune_mystical_qabalah,shared_figure,2,Dion Fortune
fortune_joins_alpha_omega,fortune_magical_battle,shared_figure,2,Dion Fortune
fortune_joins_alpha_omega,dion_fortune_death,shared_figure,2,Dion Fortune
fortune_joins_alpha_omega,stella_matutina,shared_figure,2,Dion Fortune
fortune_psychic_defense_articles,inner_light,shared_figure,2,Dion Fortune
fortune_psychic_defense_articles,dion_fortune_psychic_defense,shared_figure,2,Dion Fortune
fortune_psychic_defense_articles,fortune_mystical_qabalah,shared_figure,2,Dion Fortune
fortune_psychic_defense_articles,fortune_magical_battle,shared_figure,2,Dion Fortune
fortune_psychic_defense_articles,dion_fortune_death,shared_figure,2,Dion Fortune
fortune_psychic_defense_articles,stella_matutina,shared_figure,2,Dion Fortune
inner_light,dion_fortune_psychic_defense,shared_figure,2,Dion Fortune
inner_light,fortune_mystical_qabalah,shared_figure,2,Dion Fortune
inner_light,fortune_magical_battle,shared_figure,2,Dion Fortune
inner_light,dion_fortune_death,shared_figure,2,Dion Fortune
inner_light,stella_matutina,shared_figure,2,Dion Fortune
dion_fortune_psychic_defense,fortune_mystical_qabalah,shared_figure,2,Dion Fortune
dion_fortune_psychic_defense,fortune_magical_battle,shared_figure,2,Dion Fortune
dion_fortune_psychic_defense,dion_fortune_death,shared_figure,2,Dion Fortune
dion_fortune_psychic_defense,stella_matutina,shared_figure,2,Dion Fortune
fortune_mystical_qabalah,fortune_magical_battle,shared_figure,2,Dion Fortune
fortune_mystical_qabalah,dion_fortune_death,shared_figure,2,Dion Fortune
fortune_mystical_qabalah,stella_matutina,shared_figure,2,Dion Fortune
fortune_magical_battle,dion_fortune_death,shared_figure,2,Dion Fortune
fortune_magical_battle,stella_matutina,shared_figure,2,Dion Fortune
dion_fortune_death,stella_matutina,shared_figure,2,Dion Fortune
gardner_returns_colonial,gardner_folklore_society,shared_figure,2,Gerald Gardner
gardner_returns_colonial,gardner_new_forest_initiation,shared_figure,2,Gerald Gardner
gardner_returns_colonial,witchcraft_act_repeal,shared_figure,2,Gerald Gardner
gardner_returns_colonial,gardner_witchcraft_today,shared_figure,2,Gerald Gardner
gardner_returns_colonial,gardner_wicca_politics,shared_figure,2,Gerald Gardner
gardner_returns_colonial,gardner_wicca,shared_figure,2,Gerald Gardner
gardner_folklore_society,gardner_new_forest_initiation,shared_figure,2,Gerald Gardner
gardner_folklore_society,witchcraft_act_repeal,shared_figure,2,Gerald Gardner
gardner_folklore_society,gardner_witchcraft_today,shared_figure,2,Gerald Gardner
gardner_folklore_society,gardner_wicca_politics,shared_figure,2,Gerald Gardner
gardner_folklore_society,gardner_wicca,shared_figure,2,Gerald Gardner
gardner_new_forest_initiation,witchcraft_act_repeal,shared_figure,2,Gerald Gardner
gardner_new_forest_initiation,gardner_witchcraft_today,shared_figure,2,Gerald Gardner
gardner_new_forest_initiation,gardner_wicca_politics,shared_figure,2,Gerald Gardner
gardner_new_forest_initiation,gardner_wicca,shared_figure,2,Gerald Gardner
witchcraft_act_repeal,gardner_witchcraft_today,shared_figure,2,Gerald Gardner
witchcraft_act_repeal,gardner_wicca_politics,shared_figure,2,Gerald Gardner
witchcraft_act_repeal,gardner_wicca,shared_figure,2,Gerald Gardner
gardner_witchcraft_today,gardner_wicca_politics,shared_figure,2,Gerald Gardner
gardner_witchcraft_today,gardner_wicca,shared_figure,2,Gerald Gardner
gardner_wicca_politics,gardner_wicca,shared_figure,2,Gerald Gardner
murray_witch_cult,murray_god_of_witches,shared_figure,2,Margaret Murray
regardie_golden_dawn,stella_matutina,shared_figure,2,Israel Regardie
fox_sisters_hydesville,fox_sisters_spiritualism,shared_figure,2,Margaret Fox
fox_sisters_hydesville,fox_sisters_spiritualism,shared_figure,2,Kate Fox
alex_grey_sacred_mirrors,chapel_sacred_mirrors,shared_figure,2,Alex Grey
theosophy_anticolonial,theosophy_social,shared_figure,2,Henry Steel Olcott
gardner_wicca_politics,gardner_wicca,shared_figure,2,Doreen Valiente
spiral_dance,reclaiming,shared_figure,2,Starhawk (Miriam Simos)
radical_faeries,lgbtq_paganism,shared_figure,2,Harry Hay
radical_faeries,lgbtq_paganism,shared_figure,2,Don Kilhefner
radical_faeries,lgbtq_paganism,shared_figure,2,Mitch Walker
pentacle_headstones,climate_activism,shared_figure,2,Selena Fox
occupy_rituals,goddess_movement,shared_figure,2,Starhawk
occupy_rituals,wto_protests,shared_figure,2,Starhawk
occupy_rituals,climate_activism,shared_figure,2,Starhawk
goddess_movement,wto_protests,shared_figure,2,Starhawk
goddess_movement,climate_activism,shared_figure,2,Starhawk
wto_protests,climate_activism,shared_figure,2,Starhawk
gd_founding,crowley_book_of_law,shared_tradition,1,golden_dawn
gd_founding,waite_smith_tarot,shared_tradition,1,golden_dawn
gd_founding,crowley_equinox_journal,shared_tradition,1,golden_dawn
gd_founding,waite_ceremonial_magic,shared_tradition,1,golden_dawn
gd_founding,crowley_oto_head,shared_tradition,1,golden_dawn
gd_founding,spare_book_of_pleasure,shared_tradition,1,golden_dawn
gd_founding,crowley_magick_book,shared_tradition,1,golden_dawn
gd_founding,yeats_hour_glass,shared_tradition,1,golden_dawn
gd_founding,moina_mathers_leadership,shared_tradition,1,golden_dawn
gd_founding,fortune_psychic_crisis,shared_tradition,1,golden_dawn
gd_founding,abbey_thelema,shared_tradition,1,golden_dawn
gd_founding,fortune_joins_alpha_omega,shared_tradition,1,golden_dawn
gd_founding,fortune_psychic_defense_articles,shared_tradition,1,golden_dawn
gd_founding,inner_light,shared_tradition,1,golden_dawn
gd_founding,yeats_vision,shared_tradition,1,golden_dawn
gd_founding,crowley_magick_theory_practice,shared_tradition,1,golden_dawn
gd_founding,dion_fortune_psychic_defense,shared_tradition,1,golden_dawn
gd_founding,fortune_mystical_qabalah,shared_tradition,1,golden_dawn
gd_founding,regardie_golden_dawn,shared_tradition,1,golden_dawn
gd_founding,fortune_magical_battle,shared_tradition,1,golden_dawn
gd_founding,crowley_book_of_thoth,shared_tradition,1,golden_dawn
gd_founding,dion_fortune_death,shared_tradition,1,golden_dawn
gd_founding,crowley_death,shared_tradition,1,golden_dawn
gd_founding,sefer_hazohar,shared_tradition,1,golden_dawn
gd_founding,john_dee_monas,shared_tradition,1,golden_dawn
gd_founding,rosicrucian_revival,shared_tradition,1,golden_dawn
gd_founding,barrett_magus,shared_tradition,1,golden_dawn
gd_founding,levi_dogme_rituel,shared_tradition,1,golden_dawn
gd_founding,stella_matutina,shared_tradition,1,golden_dawn
gd_founding,hermetic_texts,shared_tradition,1,golden_dawn
gd_founding,key_of_solomon,shared_tradition,1,golden_dawn
crowley_book_of_law,waite_smith_tarot,shared_tradition,1,golden_dawn
crowley_book_of_law,crowley_equinox_journal,shared_tradition,1,golden_dawn
crowley_book_of_law,waite_ceremonial_magic,shared_tradition,1,golden_dawn
crowley_book_of_law,crowley_oto_head,shared_tradition,1,golden_dawn
crowley_book_of_law,spare_book_of_pleasure,shared_tradition,1,golden_dawn
crowley_book_of_law,crowley_magick_book,shared_tradition,1,golden_dawn
crowley_book_of_law,yeats_hour_glass,shared_tradition,1,golden_dawn
crowley_book_of_law,moina_mathers_leadership,shared_tradition,1,golden_dawn
crowley_book_of_law,fortune_psychic_crisis,shared_tradition,1,golden_dawn
crowley_book_of_law,abbey_thelema,shared_tradition,1,golden_dawn
crowley_book_of_law,fortune_joins_alpha_omega,shared_tradition,1,golden_dawn
crowley_book_of_law,fortune_psychic_defense_articles,shared_tradition,1,golden_dawn
crowley_book_of_law,inner_light,shared_tradition,1,golden_dawn
crowley_book_of_law,yeats_vision,shared_tradition,1,golden_dawn
crowley_book_of_law,crowley_magick_theory_practice,shared_tradition,1,golden_dawn
crowley_book_of_law,dion_fortune_psychic_defense,shared_tradition,1,golden_dawn
crowley_book_of_law,fortune_mystical_qabalah,shared_tradition,1,golden_dawn
crowley_book_of_law,regardie_golden_dawn,shared_tradition,1,golden_dawn
crowley_book_of_law,fortune_magical_battle,shared_tradition,1,golden_dawn
crowley_book_of_law,crowley_book_of_thoth,shared_tradition,1,golden_dawn
crowley_book_of_law,dion_fortune_death,shared_tradition,1,golden_dawn
crowley_book_of_law,crowley_death,shared_tradition,1,golden_dawn
crowley_book_of_law,sefer_hazohar,shared_tradition,1,golden_dawn
crowley_book_of_law,john_dee_monas,shared_tradition,1,golden_dawn
crowley_book_of_law,rosicrucian_revival,shared_tradition,1,golden_dawn
crowley_book_of_law,barrett_magus,shared_tradition,1,golden_dawn
crowley_book_of_law,levi_dogme_rituel,shared_tradition,1,golden_dawn
crowley_book_of_law,stella_matutina,shared_tradition,1,golden_dawn
crowley_book_of_law,hermetic_texts,shared_tradition,1,golden_dawn
crowley_book_of_law,key_of_solomon,shared_tradition,1,golden_dawn
waite_smith_tarot,crowley_equinox_journal,shared_tradition,1,golden_dawn
waite_smith_tarot,waite_ceremonial_magic,shared_tradition,1,golden_dawn
waite_smith_tarot,crowley_oto_head,shared_tradition,1,golden_dawn
waite_smith_tarot,spare_book_of_pleasure,shared_tradition,1,golden_dawn
waite_smith_tarot,crowley_magick_book,shared_tradition,1,golden_dawn
waite_smith_tarot,yeats_hour_glass,shared_tradition,1,golden_dawn
waite_smith_tarot,moina_mathers_leadership,shared_tradition,1,golden_dawn
waite_smith_tarot,fortune_psychic_crisis,shared_tradition,1,golden_dawn
waite_smith_tarot,abbey_thelema,shared_tradition,1,golden_dawn
waite_smith_tarot,fortune_joins_alpha_omega,shared_tradition,1,golden_dawn
waite_smith_tarot,fortune_psychic_defense_articles,shared_tradition,1,golden_dawn
waite_smith_tarot,inner_light,shared_tradition,1,golden_dawn
waite_smith_tarot,yeats_vision,shared_tradition,1,golden_dawn
waite_smith_tarot,crowley_magick_theory_practice,shared_tradition,1,golden_dawn
waite_smith_tarot,dion_fortune_psychic_defense,shared_tradition,1,golden_dawn
waite_smith_tarot,fortune_mystical_qabalah,shared_tradition,1,golden_dawn
waite_smith_tarot,regardie_golden_dawn,shared_tradition,1,golden_dawn
waite_smith_tarot,fortune_magical_battle,shared_tradition,1,golden_dawn
waite_smith_tarot,crowley_book_of_thoth,shared_tradition,1,golden_dawn
waite_smith_tarot,dion_fortune_death,shared_tradition,1,golden_dawn
waite_smith_tarot,crowley_death,shared_tradition,1,golden_dawn
waite_smith_tarot,sefer_hazohar,shared_tradition,1,golden_dawn
waite_smith_tarot,john_dee_monas,shared_tradition,1,golden_dawn
waite_smith_tarot,rosicrucian_revival,shared_tradition,1,golden_dawn
waite_smith_tarot,barrett_magus,shared_tradition,1,golden_dawn
waite_smith_tarot,levi_dogme_rituel,shared_tradition,1,golden_dawn
waite_smith_tarot,stella_matutina,shared_tradition,1,golden_dawn
waite_smith_tarot,hermetic_texts,shared_tradition,1,golden_dawn
waite_smith_tarot,key_of_solomon,shared_tradition,1,golden_dawn
crowley_equinox_journal,waite_ceremonial_magic,shared_tradition,1,golden_dawn
crowley_equinox_journal,crowley_oto_head,shared_tradition,1,golden_dawn
crowley_equinox_journal,spare_book_of_pleasure,shared_tradition,1,golden_dawn
crowley_equinox_journal,crowley_magick_book,shared_tradition,1,golden_dawn
crowley_equinox_journal,yeats_hour_glass,shared_tradition,1,golden_dawn
crowley_equinox_journal,moina_mathers_leadership,shared_tradition,1,golden_dawn
crowley_equinox_journal,fortune_psychic_crisis,shared_tradition,1,golden_dawn
crowley_equinox_journal,abbey_thelema,shared_tradition,1,golden_dawn
crowley_equinox_journal,fortune_joins_alpha_omega,shared_tradition,1,golden_dawn
crowley_equinox_journal,fortune_psychic_defense_articles,shared_tradition,1,golden_dawn
crowley_equinox_journal,inner_light,shared_tradition,1,golden_dawn
crowley_equinox_journal,yeats_vision,shared_tradition,1,golden_dawn
crowley_equinox_journal,crowley_magick_theory_practice,shared_tradition,1,golden_dawn
crowley_equinox_journal,dion_fortune_psychic_defense,shared_tradition,1,golden_dawn
crowley_equinox_journal,fortune_mystical_qabalah,shared_tradition,1,golden_dawn
crowley_equinox_journal,regardie_golden_dawn,shared_tradition,1,golden_dawn
crowley_equinox_journal,fortune_magical_battle,shared_tradition,1,golden_dawn
crowley_equinox_journal,crowley_book_of_thoth,shared_tradition,1,golden_dawn
crowley_equinox_journal,dion_fortune_death,shared_tradition,1,golden_dawn
crowley_equinox_journal,crowley_death,shared_tradition,1,golden_dawn
crowley_equinox_journal,sefer_hazohar,shared_tradition,1,golden_dawn
crowley_equinox_journal,john_dee_monas,shared_tradition,1,golden_dawn
crowley_equinox_journal,rosicrucian_revival,shared_tradition,1,golden_dawn
crowley_equinox_journal,barrett_magus,shared_tradition,1,golden_dawn
crowley_equinox_journal,levi_dogme_rituel,shared_tradition,1,golden_dawn
crowley_equinox_journal,stella_matutina,shared_tradition,1,golden_dawn
crowley_equinox_journal,hermetic_texts,shared_tradition,1,golden_dawn
crowley_equinox_journal,key_of_solomon,shared_tradition,1,golden_dawn
waite_ceremonial_magic,crowley_oto_head,shared_tradition,1,golden_dawn
waite_ceremonial_magic,spare_book_of_pleasure,shared_tradition,1,golden_dawn
waite_ceremonial_magic,crowley_magick_book,shared_tradition,1,golden_dawn
waite_ceremonial_magic,yeats_hour_glass,shared_tradition,1,golden_dawn
waite_ceremonial_magic,moina_mathers_leadership,shared_tradition,1,golden_dawn
waite_ceremonial_magic,fortune_psychic_crisis,shared_tradition,1,golden_dawn
waite_ceremonial_magic,abbey_thelema,shared_tradition,1,golden_dawn
waite_ceremonial_magic,fortune_joins_alpha_omega,shared_tradition,1,golden_dawn
waite_ceremonial_magic,fortune_psychic_defense_articles,shared_tradition,1,golden_dawn
waite_ceremonial_magic,inner_light,shared_tradition,1,golden_dawn
waite_ceremonial_magic,yeats_vision,shared_tradition,1,golden_dawn
waite_ceremonial_magic,crowley_magick_theory_practice,shared_tradition,1,golden_dawn
waite_ceremonial_magic,dion_fortune_psychic_defense,shared_tradition,1,golden_dawn
waite_ceremonial_magic,fortune_mystical_qabalah,shared_tradition,1,golden_dawn
waite_ceremonial_magic,regardie_golden_dawn,shared_tradition,1,golden_dawn
waite_ceremonial_magic,fortune_magical_battle,shared_tradition,1,golden_dawn
waite_ceremonial_magic,crowley_book_of_thoth,shared_tradition,1,golden_dawn
waite_ceremonial_magic,dion_fortune_death,shared_tradition,1,golden_dawn
waite_ceremonial_magic,crowley_death,shared_tradition,1,golden_dawn
waite_ceremonial_magic,sefer_hazohar,shared_tradition,1,golden_dawn
waite_ceremonial_magic,john_dee_monas,shared_tradition,1,golden_dawn
waite_ceremonial_magic,rosicrucian_revival,shared_tradition,1,golden_dawn
waite_ceremonial_magic,barrett_magus,shared_tradition,1,golden_dawn
waite_ceremonial_magic,levi_dogme_rituel,shared_tradition,1,golden_dawn
waite_ceremonial_magic,stella_matutina,shared_tradition,1,golden_dawn
waite_ceremonial_magic,hermetic_texts,shared_tradition,1,golden_dawn
waite_ceremonial_magic,key_of_solomon,shared_tradition,1,golden_dawn
crowley_oto_head,spare_book_of_pleasure,shared_tradition,1,golden_dawn
crowley_oto_head,crowley_magick_book,shared_tradition,1,golden_dawn
crowley_oto_head,yeats_hour_glass,shared_tradition,1,golden_dawn
crowley_oto_head,moina_mathers_leadership,shared_tradition,1,golden_dawn
crowley_oto_head,fortune_psychic_crisis,shared_tradition,1,golden_dawn
crowley_oto_head,abbey_thelema,shared_tradition,1,golden_dawn
crowley_oto_head,fortune_joins_alpha_omega,shared_tradition,1,golden_dawn
crowley_oto_head,fortune_psychic_defense_articles,shared_tradition,1,golden_dawn
crowley_oto_head,inner_light,shared_tradition,1,golden_dawn
crowley_oto_head,yeats_vision,shared_tradition,1,golden_dawn
crowley_oto_head,crowley_magick_theory_practice,shared_tradition,1,golden_dawn
crowley_oto_head,dion_fortune_psychic_defense,shared_tradition,1,golden_dawn
crowley_oto_head,fortune_mystical_qabalah,shared_tradition,1,golden_dawn
crowley_oto_head,regardie_golden_dawn,shared_tradition,1,golden_dawn
crowley_oto_head,fortune_magical_battle,shared_tradition,1,golden_dawn
crowley_oto_head,crowley_book_of_thoth,shared_tradition,1,golden_dawn
crowley_oto_head,dion_fortune_death,shared_tradition,1,golden_dawn
crowley_oto_head,crowley_death,shared_tradition,1,golden_dawn
crowley_oto_head,sefer_hazohar,shared_tradition,1,golden_dawn
crowley_oto_head,john_dee_monas,shared_tradition,1,golden_dawn
crowley_oto_head,rosicrucian_revival,shared_tradition,1,golden_dawn
crowley_oto_head,barrett_magus,shared_tradition,1,golden_dawn
crowley_oto_head,levi_dogme_rituel,shared_tradition,1,golden_dawn
crowley_oto_head,stella_matutina,shared_tradition,1,golden_dawn
crowley_oto_head,hermetic_texts,shared_tradition,1,golden_dawn
crowley_oto_head,key_of_solomon,shared_tradition,1,golden_dawn
spare_book_of_pleasure,crowley_magick_book,shared_tradition,1,golden_dawn
spare_book_of_pleasure,yeats_hour_glass,shared_tradition,1,golden_dawn
spare_book_of_pleasure,moina_mathers_leadership,shared_tradition,1,golden_dawn
spare_book_of_pleasure,fortune_psychic_crisis,shared_tradition,1,golden_dawn
spare_book_of_pleasure,abbey_thelema,shared_tradition,1,golden_dawn
spare_book_of_pleasure,fortune_joins_alpha_omega,shared_tradition,1,golden_dawn
spare_book_of_pleasure,fortune_psychic_defense_articles,shared_tradition,1,golden_dawn
spare_book_of_pleasure,inner_light,shared_tradition,1,golden_dawn
spare_book_of_pleasure,yeats_vision,shared_tradition,1,golden_dawn
spare_book_of_pleasure,crowley_magick_theory_practice,shared_tradition,1,golden_dawn
spare_book_of_pleasure,dion_fortune_psychic_defense,shared_tradition,1,golden_dawn
spare_book_of_pleasure,fortune_mystical_qabalah,shared_tradition,1,golden_dawn
spare_book_of_pleasure,regardie_golden_dawn,shared_tradition,1,golden_dawn
spare_book_of_pleasure,fortune_magical_battle,shared_tradition,1,golden_dawn
spare_book_of_pleasure,crowley_book_of_thoth,shared_tradition,1,golden_dawn
spare_book_of_pleasure,dion_fortune_death,shared_tradition,1,golden_dawn
spare_book_of_pleasure,crowley_death,shared_tradition,1,golden_dawn
spare_book_of_pleasure,sefer_hazohar,shared_tradition,1,golden_dawn
spare_book_of_pleasure,john_dee_monas,shared_tradition,1,golden_dawn
spare_book_of_pleasure,rosicrucian_revival,shared_tradition,1,golden_dawn
spare_book_of_pleasure,barrett_magus,shared_tradition,1,golden_dawn
spare_book_of_pleasure,levi_dogme_rituel,shared_tradition,1,golden_dawn
spare_book_of_pleasure,stella_matutina,shared_tradition,1,golden_dawn
spare_book_of_pleasure,hermetic_texts,shared_tradition,1,golden_dawn
spare_book_of_pleasure,key_of_solomon,shared_tradition,1,golden_dawn
crowley_magick_book,yeats_hour_glass,shared_tradition,1,golden_dawn
crowley_magick_book,moina_mathers_leadership,shared_tradition,1,golden_dawn
crowley_magick_book,fortune_psychic_crisis,shared_tradition,1,golden_dawn
crowley_magick_book,abbey_thelema,shared_tradition,1,golden_dawn
crowley_magick_book,fortune_joins_alpha_omega,shared_tradition,1,golden_dawn
crowley_magick_book,fortune_psychic_defense_articles,shared_tradition,1,golden_dawn
crowley_magick_book,inner_light,shared_tradition,1,golden_dawn
crowley_magick_book,yeats_vision,shared_tradition,1,golden_dawn
crowley_magick_book,crowley_magick_theory_practice,shared_tradition,1,golden_dawn
crowley_magick_book,dion_fortune_psychic_defense,shared_tradition,1,golden_dawn
crowley_magick_book,fortune_mystical_qabalah,shared_tradition,1,golden_dawn
crowley_magick_book,regardie_golden_dawn,shared_tradition,1,golden_dawn
crowley_magick_book,fortune_magical_battle,shared_tradition,1,golden_dawn
crowley_magick_book,crowley_book_of_thoth,shared_tradition,1,golden_dawn
crowley_magick_book,dion_fortune_death,shared_tradition,1,golden_dawn
crowley_magick_book,crowley_death,shared_tradition,1,golden_dawn
crowley_magick_book,sefer_hazohar,shared_tradition,1,golden_dawn
crowley_magick_book,john_dee_monas,shared_tradition,1,golden_dawn
crowley_magick_book,rosicrucian_revival,shared_tradition,1,golden_dawn
crowley_magick_book,barrett_magus,shared_tradition,1,golden_dawn
crowley_magick_book,levi_dogme_rituel,shared_tradition,1,golden_dawn
crowley_magick_book,stella_matutina,shared_tradition,1,golden_dawn
crowley_magick_book,hermetic_texts,shared_tradition,1,golden_dawn
crowley_magick_book,key_of_solomon,shared_tradition,1,golden_dawn
yeats_hour_glass,moina_mathers_leadership,shared_tradition,1,golden_dawn
yeats_hour_glass,fortune_psychic_crisis,shared_tradition,1,golden_dawn
yeats_hour_glass,abbey_thelema,shared_tradition,1,golden_dawn
yeats_hour_glass,fortune_joins_alpha_omega,shared_tradition,1,golden_dawn
yeats_hour_glass,fortune_psychic_defense_articles,shared_tradition,1,golden_dawn
yeats_hour_glass,inner_light,shared_tradition,1,golden_dawn
yeats_hour_glass,yeats_vision,shared_tradition,1,golden_dawn
yeats_hour_glass,crowley_magick_theory_practice,shared_tradition,1,golden_dawn
yeats_hour_glass,dion_fortune_psychic_defense,shared_tradition,1,golden_dawn
yeats_hour_glass,fortune_mystical_qabalah,shared_tradition,1,golden_dawn
yeats_hour_glass,regardie_golden_dawn,shared_tradition,1,golden_dawn
yeats_hour_glass,fortune_magical_battle,shared_tradition,1,golden_dawn
yeats_hour_glass,crowley_book_of_thoth,shared_tradition,1,golden_dawn
yeats_hour_glass,dion_fortune_death,shared_tradition,1,golden_dawn
yeats_hour_glass,crowley_death,shared_tradition,1,golden_dawn
yeats_hour_glass,sefer_hazohar,shared_tradition,1,golden_dawn
yeats_hour_glass,john_dee_monas,shared_tradition,1,golden_dawn
yeats_hour_glass,rosicrucian_revival,shared_tradition,1,golden_dawn
yeats_hour_glass,barrett_magus,shared_tradition,1,golden_dawn
yeats_hour_glass,levi_dogme_rituel,shared_tradition,1,golden_dawn
yeats_hour_glass,stella_matutina,shared_tradition,1,golden_dawn
yeats_hour_glass,hermetic_texts,shared_tradition,1,golden_dawn
yeats_hour_glass,key_of_solomon,shared_tradition,1,golden_dawn
moina_mathers_leadership,fortune_psychic_crisis,shared_tradition,1,golden_dawn
moina_mathers_leadership,abbey_thelema,shared_tradition,1,golden_dawn
moina_mathers_leadership,fortune_joins_alpha_omega,shared_tradition,1,golden_dawn
moina_mathers_leadership,fortune_psychic_defense_articles,shared_tradition,1,golden_dawn
moina_mathers_leadership,inner_light,shared_tradition,1,golden_dawn
moina_mathers_leadership,yeats_vision,shared_tradition,1,golden_dawn
moina_mathers_leadership,crowley_magick_theory_practice,shared_tradition,1,golden_dawn
moina_mathers_leadership,dion_fortune_psychic_defense,shared_tradition,1,golden_dawn
moina_mathers_leadership,fortune_mystical_qabalah,shared_tradition,1,golden_dawn
moina_mathers_leadership,regardie_golden_dawn,shared_tradition,1,golden_dawn
moina_mathers_leadership,fortune_magical_battle,shared_tradition,1,golden_dawn
moina_mathers_leadership,crowley_book_of_thoth,shared_tradition,1,golden_dawn
moina_mathers_leadership,dion_fortune_death,shared_tradition,1,golden_dawn
moina_mathers_leadership,crowley_death,shared_tradition,1,golden_dawn
moina_mathers_leadership,sefer_hazohar,shared_tradition,1,golden_dawn
moina_mathers_leadership,john_dee_monas,shared_tradition,1,golden_dawn
moina_mathers_leadership,rosicrucian_revival,shared_tradition,1,golden_dawn
moina_mathers_leadership,barrett_magus,shared_tradition,1,golden_dawn
moina_mathers_leadership,levi_dogme_rituel,shared_tradition,1,golden_dawn
moina_mathers_leadership,stella_matutina,shared_tradition,1,golden_dawn
moina_mathers_leadership,hermetic_texts,shared_tradition,1,golden_dawn
moina_mathers_leadership,key_of_solomon,shared_tradition,1,golden_dawn
fortune_psychic_crisis,abbey_thelema,shared_tradition,1,golden_dawn
fortune_psychic_crisis,fortune_joins_alpha_omega,shared_tradition,1,golden_dawn
fortune_psychic_crisis,fortune_psychic_defense_articles,shared_tradition,1,golden_dawn
fortune_psychic_crisis,inner_light,shared_tradition,1,golden_dawn
fortune_psychic_crisis,yeats_vision,shared_tradition,1,golden_dawn
fortune_psychic_crisis,crowley_magick_theory_practice,shared_tradition,1,golden_dawn
fortune_psychic_crisis,dion_fortune_psychic_defense,shared_tradition,1,golden_dawn
fortune_psychic_crisis,fortune_mystical_qabalah,shared_tradition,1,golden_dawn
fortune_psychic_crisis,regardie_golden_dawn,shared_tradition,1,golden_dawn
fortune_psychic_crisis,fortune_magical_battle,shared_tradition,1,golden_dawn
fortune_psychic_crisis,crowley_book_of_thoth,shared_tradition,1,golden_dawn
fortune_psychic_crisis,dion_fortune_death,shared_tradition,1,golden_dawn
fortune_psychic_crisis,crowley_death,shared_tradition,1,golden_dawn
fortune_psychic_crisis,sefer_hazohar,shared_tradition,1,golden_dawn
fortune_psychic_crisis,john_dee_monas,shared_tradition,1,golden_dawn
fortune_psychic_crisis,rosicrucian_revival,shared_tradition,1,golden_dawn
fortune_psychic_crisis,barrett_magus,shared_tradition,1,golden_dawn
fortune_psychic_crisis,levi_dogme_rituel,shared_tradition,1,golden_dawn
fortune_psychic_crisis,stella_matutina,shared_tradition,1,golden_dawn
fortune_psychic_crisis,hermetic_texts,shared_tradition,1,golden_dawn
fortune_psychic_crisis,key_of_solomon,shared_tradition,1,golden_dawn
abbey_thelema,fortune_joins_alpha_omega,shared_tradition,1,golden_dawn
abbey_thelema,fortune_psychic_defense_articles,shared_tradition,1,golden_dawn
abbey_thelema,inner_light,shared_tradition,1,golden_dawn
abbey_thelema,yeats_vision,shared_tradition,1,golden_dawn
abbey_thelema,crowley_magick_theory_practice,shared_tradition,1,golden_dawn
abbey_thelema,dion_fortune_psychic_defense,shared_tradition,1,golden_dawn
abbey_thelema,fortune_mystical_qabalah,shared_tradition,1,golden_dawn
abbey_thelema,regardie_golden_dawn,shared_tradition,1,golden_dawn
abbey_thelema,fortune_magical_battle,shared_tradition,1,golden_dawn
abbey_thelema,crowley_book_of_thoth,shared_tradition,1,golden_dawn
abbey_thelema,dion_fortune_death,shared_tradition,1,golden_dawn
abbey_thelema,crowley_death,shared_tradition,1,golden_dawn
abbey_thelema,sefer_hazohar,shared_tradition,1,golden_dawn
abbey_thelema,john_dee_monas,shared_tradition,1,golden_dawn
abbey_thelema,rosicrucian_revival,shared_tradition,1,golden_dawn
abbey_thelema,barrett_magus,shared_tradition,1,golden_dawn
abbey_thelema,levi_dogme_rituel,shared_tradition,1,golden_dawn
abbey_thelema,stella_matutina,shared_tradition,1,golden_dawn
abbey_thelema,hermetic_texts,shared_tradition,1,golden_dawn
abbey_thelema,key_of_solomon,shared_tradition,1,golden_dawn
fortune_joins_alpha_omega,fortune_psychic_defense_articles,shared_tradition,1,golden_dawn
fortune_joins_alpha_omega,inner_light,shared_tradition,1,golden_dawn
fortune_joins_alpha_omega,yeats_vision,shared_tradition,1,golden_dawn
fortune_joins_alpha_omega,crowley_magick_theory_practice,shared_tradition,1,golden_dawn
fortune_joins_alpha_omega,dion_fortune_psychic_defense,shared_tradition,1,golden_dawn
fortune_joins_alpha_omega,fortune_mystical_qabalah,shared_tradition,1,golden_dawn
fortune_joins_alpha_omega,regardie_golden_dawn,shared_tradition,1,golden_dawn
fortune_joins_alpha_omega,fortune_magical_battle,shared_tradition,1,golden_dawn
fortune_joins_alpha_omega,crowley_book_of_thoth,shared_tradition,1,golden_dawn
fortune_joins_alpha_omega,dion_fortune_death,shared_tradition,1,golden_dawn
fortune_joins_alpha_omega,crowley_death,shared_tradition,1,golden_dawn
fortune_joins_alpha_omega,sefer_hazohar,shared_tradition,1,golden_dawn
fortune_joins_alpha_omega,john_dee_monas,shared_tradition,1,golden_dawn
fortune_joins_alpha_omega,rosicrucian_revival,shared_tradition,1,golden_dawn
fortune_joins_alpha_omega,barrett_magus,shared_tradition,1,golden_dawn
fortune_joins_alpha_omega,levi_dogme_rituel,shared_tradition,1,golden_dawn
fortune_joins_alpha_omega,stella_matutina,shared_tradition,1,golden_dawn
fortune_joins_alpha_omega,hermetic_texts,shared_tradition,1,golden_dawn
fortune_joins_alpha_omega,key_of_solomon,shared_tradition,1,golden_dawn
fortune_psychic_defense_articles,inner_light,shared_tradition,1,golden_dawn
fortune_psychic_defense_articles,yeats_vision,shared_tradition,1,golden_dawn
fortune_psychic_defense_articles,crowley_magick_theory_practice,shared_tradition,1,golden_dawn
fortune_psychic_defense_articles,dion_fortune_psychic_defense,shared_tradition,1,golden_dawn
fortune_psychic_defense_articles,fortune_mystical_qabalah,shared_tradition,1,golden_dawn
fortune_psychic_defense_articles,regardie_golden_dawn,shared_tradition,1,golden_dawn
fortune_psychic_defense_articles,fortune_magical_battle,shared_tradition,1,golden_dawn
fortune_psychic_defense_articles,crowley_book_of_thoth,shared_tradition,1,golden_dawn
fortune_psychic_defense_articles,dion_fortune_death,shared_tradition,1,golden_dawn
fortune_psychic_defense_articles,crowley_death,shared_tradition,1,golden_dawn
fortune_psychic_defense_articles,sefer_hazohar,shared_tradition,1,golden_dawn
fortune_psychic_defense_articles,john_dee_monas,shared_tradition,1,golden_dawn
fortune_psychic_defense_articles,rosicrucian_revival,shared_tradition,1,golden_dawn
fortune_psychic_defense_articles,barrett_magus,shared_tradition,1,golden_dawn
fortune_psychic_defense_articles,levi_dogme_rituel,shared_tradition,1,golden_dawn
fortune_psychic_defense_articles,stella_matutina,shared_tradition,1,golden_dawn
fortune_psychic_defense_articles,hermetic_texts,shared_tradition,1,golden_dawn
fortune_psychic_defense_articles,key_of_solomon,shared_tradition,1,golden_dawn
inner_light,yeats_vision,shared_tradition,1,golden_dawn
inner_light,crowley_magick_theory_practice,shared_tradition,1,golden_dawn
inner_light,dion_fortune_psychic_defense,shared_tradition,1,golden_dawn
inner_light,fortune_mystical_qabalah,shared_tradition,1,golden_dawn
inner_light,regardie_golden_dawn,shared_tradition,1,golden_dawn
inner_light,fortune_magical_battle,shared_tradition,1,golden_dawn
inner_light,crowley_book_of_thoth,shared_tradition,1,golden_dawn
inner_light,dion_fortune_death,shared_tradition,1,golden_dawn
inner_light,crowley_death,shared_tradition,1,golden_dawn
inner_light,sefer_hazohar,shared_tradition,1,golden_dawn
inner_light,john_dee_monas,shared_tradition,1,golden_dawn
inner_light,rosicrucian_revival,shared_tradition,1,golden_dawn
inner_light,barrett_magus,shared_tradition,1,golden_dawn
inner_light,levi_dogme_rituel,shared_tradition,1,golden_dawn
inner_light,stella_matutina,shared_tradition,1,golden_dawn
inner_light,hermetic_texts,shared_tradition,1,golden_dawn
inner_light,key_of_solomon,shared_tradition,1,golden_dawn
yeats_vision,crowley_magick_theory_practice,shared_tradition,1,golden_dawn
yeats_vision,dion_fortune_psychic_defense,shared_tradition,1,golden_dawn
yeats_vision,fortune_mystical_qabalah,shared_tradition,1,golden_dawn
yeats_vision,regardie_golden_dawn,shared_tradition,1,golden_dawn
yeats_vision,fortune_magical_battle,shared_tradition,1,golden_dawn
yeats_vision,crowley_book_of_thoth,shared_tradition,1,golden_dawn
yeats_vision,dion_fortune_death,shared_tradition,1,golden_dawn
yeats_vision,crowley_death,shared_tradition,1,golden_dawn
yeats_vision,sefer_hazohar,shared_tradition,1,golden_dawn
yeats_vision,john_dee_monas,shared_tradition,1,golden_dawn
yeats_vision,rosicrucian_revival,shared_tradition,1,golden_dawn
yeats_vision,barrett_magus,shared_tradition,1,golden_dawn
yeats_vision,levi_dogme_rituel,shared_tradition,1,golden_dawn
yeats_vision,stella_matutina,shared_tradition,1,golden_dawn
yeats_vision,hermetic_texts,shared_tradition,1,golden_dawn
yeats_vision,key_of_solomon,shared_tradition,1,golden_dawn
crowley_magick_theory_practice,dion_fortune_psychic_defense,shared_tradition,1,golden_dawn
crowley_magick_theory_practice,fortune_mystical_qabalah,shared_tradition,1,golden_dawn
crowley_magick_theory_practice,regardie_golden_dawn,shared_tradition,1,golden_dawn
crowley_magick_theory_practice,fortune_magical_battle,shared_tradition,1,golden_dawn
crowley_magick_theory_practice,crowley_book_of_thoth,shared_tradition,1,golden_dawn
crowley_magick_theory_practice,dion_fortune_death,shared_tradition,1,golden_dawn
crowley_magick_theory_practice,crowley_death,shared_tradition,1,golden_dawn
crowley_magick_theory_practice,sefer_hazohar,shared_tradition,1,golden_dawn
crowley_magick_theory_practice,john_dee_monas,shared_tradition,1,golden_dawn
crowley_magick_theory_practice,rosicrucian_revival,shared_tradition,1,golden_dawn
crowley_magick_theory_practice,barrett_magus,shared_tradition,1,golden_dawn
crowley_magick_theory_practice,levi_dogme_rituel,shared_tradition,1,golden_dawn
crowley_magick_theory_practice,stella_matutina,shared_tradition,1,golden_dawn
crowley_magick_theory_practice,hermetic_texts,shared_tradition,1,golden_dawn
crowley_magick_theory_practice,key_of_solomon,shared_tradition,1,golden_dawn
dion_fortune_psychic_defense,fortune_mystical_qabalah,shared_tradition,1,golden_dawn
dion_fortune_psychic_defense,regardie_golden_dawn,shared_tradition,1,golden_dawn
dion_fortune_psychic_defense,fortune_magical_battle,shared_tradition,1,golden_dawn
dion_fortune_psychic_defense,crowley_book_of_thoth,shared_tradition,1,golden_dawn
dion_fortune_psychic_defense,dion_fortune_death,shared_tradition,1,golden_dawn
dion_fortune_psychic_defense,crowley_death,shared_tradition,1,golden_dawn
dion_fortune_psychic_defense,sefer_hazohar,shared_tradition,1,golden_dawn
dion_fortune_psychic_defense,john_dee_monas,shared_tradition,1,golden_dawn
dion_fortune_psychic_defense,rosicrucian_revival,shared_tradition,1,golden_dawn
dion_fortune_psychic_defense,barrett_magus,shared_tradition,1,golden_dawn
dion_fortune_psychic_defense,levi_dogme_rituel,shared_tradition,1,golden_dawn
dion_fortune_psychic_defense,stella_matutina,shared_tradition,1,golden_dawn
dion_fortune_psychic_defense,hermetic_texts,shared_tradition,1,golden_dawn
dion_fortune_psychic_defense,key_of_solomon,shared_tradition,1,golden_dawn
fortune_mystical_qabalah,regardie_golden_dawn,shared_tradition,1,golden_dawn
fortune_mystical_qabalah,fortune_magical_battle,shared_tradition,1,golden_dawn
fortune_mystical_qabalah,crowley_book_of_thoth,shared_tradition,1,golden_dawn
fortune_mystical_qabalah,dion_fortune_death,shared_tradition,1,golden_dawn
fortune_mystical_qabalah,crowley_death,shared_tradition,1,golden_dawn
fortune_mystical_qabalah,sefer_hazohar,shared_tradition,1,golden_dawn
fortune_mystical_qabalah,john_dee_monas,shared_tradition,1,golden_dawn
fortune_mystical_qabalah,rosicrucian_revival,shared_tradition,1,golden_dawn
fortune_mystical_qabalah,barrett_magus,shared_tradition,1,golden_dawn
fortune_mystical_qabalah,levi_dogme_rituel,shared_tradition,1,golden_dawn
fortune_mystical_qabalah,stella_matutina,shared_tradition,1,golden_dawn
fortune_mystical_qabalah,hermetic_texts,shared_tradition,1,golden_dawn
fortune_mystical_qabalah,key_of_solomon,shared_tradition,1,golden_dawn
regardie_golden_dawn,fortune_magical_battle,shared_tradition,1,golden_dawn
regardie_golden_dawn,crowley_book_of_thoth,shared_tradition,1,golden_dawn
regardie_golden_dawn,dion_fortune_death,shared_tradition,1,golden_dawn
regardie_golden_dawn,crowley_death,shared_tradition,1,golden_dawn
regardie_golden_dawn,sefer_hazohar,shared_tradition,1,golden_dawn
regardie_golden_dawn,john_dee_monas,shared_tradition,1,golden_dawn
regardie_golden_dawn,rosicrucian_revival,shared_tradition,1,golden_dawn
regardie_golden_dawn,barrett_magus,shared_tradition,1,golden_dawn
regardie_golden_dawn,levi_dogme_rituel,shared_tradition,1,golden_dawn
regardie_golden_dawn,stella_matutina,shared_tradition,1,golden_dawn
regardie_golden_dawn,hermetic_texts,shared_tradition,1,golden_dawn
regardie_golden_dawn,key_of_solomon,shared_tradition,1,golden_dawn
fortune_magical_battle,crowley_book_of_thoth,shared_tradition,1,golden_dawn
fortune_magical_battle,dion_fortune_death,shared_tradition,1,golden_dawn
fortune_magical_battle,crowley_death,shared_tradition,1,golden_dawn
fortune_magical_battle,sefer_hazohar,shared_tradition,1,golden_dawn
fortune_magical_battle,john_dee_monas,shared_tradition,1,golden_dawn
fortune_magical_battle,rosicrucian_revival,shared_tradition,1,golden_dawn
fortune_magical_battle,barrett_magus,shared_tradition,1,golden_dawn
fortune_magical_battle,levi_dogme_rituel,shared_tradition,1,golden_dawn
fortune_magical_battle,stella_matutina,shared_tradition,1,golden_dawn
fortune_magical_battle,hermetic_texts,shared_tradition,1,golden_dawn
fortune_magical_battle,key_of_solomon,shared_tradition,1,golden_dawn
crowley_book_of_thoth,dion_fortune_death,shared_tradition,1,golden_dawn
crowley_book_of_thoth,crowley_death,shared_tradition,1,golden_dawn
crowley_book_of_thoth,sefer_hazohar,shared_tradition,1,golden_dawn
crowley_book_of_thoth,john_dee_monas,shared_tradition,1,golden_dawn
crowley_book_of_thoth,rosicrucian_revival,shared_tradition,1,golden_dawn
crowley_book_of_thoth,barrett_magus,shared_tradition,1,golden_dawn
crowley_book_of_thoth,levi_dogme_rituel,shared_tradition,1,golden_dawn
crowley_book_of_thoth,stella_matutina,shared_tradition,1,golden_dawn
crowley_book_of_thoth,hermetic_texts,shared_tradition,1,golden_dawn
crowley_book_of_thoth,key_of_solomon,shared_tradition,1,golden_dawn
dion_fortune_death,crowley_death,shared_tradition,1,golden_dawn
dion_fortune_death,sefer_hazohar,shared_tradition,1,golden_dawn
dion_fortune_death,john_dee_monas,shared_tradition,1,golden_dawn
dion_fortune_death,rosicrucian_revival,shared_tradition,1,golden_dawn
dion_fortune_death,barrett_magus,shared_tradition,1,golden_dawn
dion_fortune_death,levi_dogme_rituel,shared_tradition,1,golden_dawn
dion_fortune_death,stella_matutina,shared_tradition,1,golden_dawn
dion_fortune_death,hermetic_texts,shared_tradition,1,golden_dawn
dion_fortune_death,key_of_solomon,shared_tradition,1,golden_dawn
crowley_death,sefer_hazohar,shared_tradition,1,golden_dawn
crowley_death,john_dee_monas,shared_tradition,1,golden_dawn
crowley_death,rosicrucian_revival,shared_tradition,1,golden_dawn
crowley_death,barrett_magus,shared_tradition,1,golden_dawn
crowley_death,levi_dogme_rituel,shared_tradition,1,golden_dawn
crowley_death,stella_matutina,shared_tradition,1,golden_dawn
crowley_death,hermetic_texts,shared_tradition,1,golden_dawn
crowley_death,key_of_solomon,shared_tradition,1,golden_dawn
sefer_hazohar,john_dee_monas,shared_tradition,1,golden_dawn
sefer_hazohar,rosicrucian_revival,shared_tradition,1,golden_dawn
sefer_hazohar,barrett_magus,shared_tradition,1,golden_dawn
sefer_hazohar,levi_dogme_rituel,shared_tradition,1,golden_dawn
sefer_hazohar,stella_matutina,shared_tradition,1,golden_dawn
sefer_hazohar,hermetic_texts,shared_tradition,1,golden_dawn
sefer_hazohar,key_of_solomon,shared_tradition,1,golden_dawn
john_dee_monas,rosicrucian_revival,shared_tradition,1,golden_dawn
john_dee_monas,barrett_magus,shared_tradition,1,golden_dawn
john_dee_monas,levi_dogme_rituel,shared_tradition,1,golden_dawn
john_dee_monas,stella_matutina,shared_tradition,1,golden_dawn
john_dee_monas,hermetic_texts,shared_tradition,1,golden_dawn
john_dee_monas,key_of_solomon,shared_tradition,1,golden_dawn
rosicrucian_revival,barrett_magus,shared_tradition,1,golden_dawn
rosicrucian_revival,levi_dogme_rituel,shared_tradition,1,golden_dawn
rosicrucian_revival,stella_matutina,shared_tradition,1,golden_dawn
rosicrucian_revival,hermetic_texts,shared_tradition,1,golden_dawn
rosicrucian_revival,key_of_solomon,shared_tradition,1,golden_dawn
barrett_magus,levi_dogme_rituel,shared_tradition,1,golden_dawn
barrett_magus,stella_matutina,shared_tradition,1,golden_dawn
barrett_magus,hermetic_texts,shared_tradition,1,golden_dawn
barrett_magus,key_of_solomon,shared_tradition,1,golden_dawn
levi_dogme_rituel,stella_matutina,shared_tradition,1,golden_dawn
levi_dogme_rituel,hermetic_texts,shared_tradition,1,golden_dawn
levi_dogme_rituel,key_of_solomon,shared_tradition,1,golden_dawn
stella_matutina,hermetic_texts,shared_tradition,1,golden_dawn
stella_matutina,key_of_solomon,shared_tradition,1,golden_dawn
hermetic_texts,key_of_solomon,shared_tradition,1,golden_dawn
gd_founding,crowley_book_of_law,shared_tradition,1,victorian_spiritualism
gd_founding,waite_smith_tarot,shared_tradition,1,victorian_spiritualism
gd_founding,psychic_gazette_founded,shared_tradition,1,victorian_spiritualism
gd_founding,spiritualism_boom_1917,shared_tradition,1,victorian_spiritualism
gd_founding,fortune_psychic_crisis,shared_tradition,1,victorian_spiritualism
gd_founding,fortune_psychic_defense_articles,shared_tradition,1,victorian_spiritualism
gd_founding,inner_light,shared_tradition,1,victorian_spiritualism
gd_founding,yeats_vision,shared_tradition,1,victorian_spiritualism
gd_founding,dion_fortune_psychic_defense,shared_tradition,1,victorian_spiritualism
gd_founding,fortune_magical_battle,shared_tradition,1,victorian_spiritualism
gd_founding,dion_fortune_death,shared_tradition,1,victorian_spiritualism
gd_founding,fox_sisters_hydesville,shared_tradition,1,victorian_spiritualism
gd_founding,houghton_spirit_drawings,shared_tradition,1,victorian_spiritualism
gd_founding,roberts_seth_material,shared_tradition,1,victorian_spiritualism
gd_founding,hilma_af_klint_paintings,shared_tradition,1,victorian_spiritualism
gd_founding,suffrage_movement,shared_tradition,1,victorian_spiritualism
crowley_book_of_law,waite_smith_tarot,shared_tradition,1,victorian_spiritualism
crowley_book_of_law,psychic_gazette_founded,shared_tradition,1,victorian_spiritualism
crowley_book_of_law,spiritualism_boom_1917,shared_tradition,1,victorian_spiritualism
crowley_book_of_law,fortune_psychic_crisis,shared_tradition,1,victorian_spiritualism
crowley_book_of_law,fortune_psychic_defense_articles,shared_tradition,1,victorian_spiritualism
crowley_book_of_law,inner_light,shared_tradition,1,victorian_spiritualism
crowley_book_of_law,yeats_vision,shared_tradition,1,victorian_spiritualism
crowley_book_of_law,dion_fortune_psychic_defense,shared_tradition,1,victorian_spiritualism
crowley_book_of_law,fortune_magical_battle,shared_tradition,1,victorian_spiritualism
crowley_book_of_law,dion_fortune_death,shared_tradition,1,victorian_spiritualism
crowley_book_of_law,fox_sisters_hydesville,shared_tradition,1,victorian_spiritualism
crowley_book_of_law,houghton_spirit_drawings,shared_tradition,1,victorian_spiritualism
crowley_book_of_law,roberts_seth_material,shared_tradition,1,victorian_spiritualism
crowley_book_of_law,hilma_af_klint_paintings,shared_tradition,1,victorian_spiritualism
crowley_book_of_law,suffrage_movement,shared_tradition,1,victorian_spiritualism
waite_smith_tarot,psychic_gazette_founded,shared_tradition,1,victorian_spiritualism
waite_smith_tarot,spiritualism_boom_1917,shared_tradition,1,victorian_spiritualism
waite_smith_tarot,fortune_psychic_crisis,shared_tradition,1,victorian_spiritualism
waite_smith_tarot,fortune_psychic_defense_articles,shared_tradition,1,victorian_spiritualism
waite_smith_tarot,inner_light,shared_tradition,1,victorian_spiritualism
waite_smith_tarot,yeats_vision,shared_tradition,1,victorian_spiritualism
waite_smith_tarot,dion_fortune_psychic_defense,shared_tradition,1,victorian_spiritualism
waite_smith_tarot,fortune_magical_battle,shared_tradition,1,victorian_spiritualism
waite_smith_tarot,dion_fortune_death,shared_tradition,1,victorian_spiritualism
waite_smith_tarot,fox_sisters_hydesville,shared_tradition,1,victorian_spiritualism
waite_smith_tarot,houghton_spirit_drawings,shared_tradition,1,victorian_spiritualism
waite_smith_tarot,roberts_seth_material,shared_tradition,1,victorian_spiritualism
waite_smith_tarot,hilma_af_klint_paintings,shared_tradition,1,victorian_spiritualism
waite_smith_tarot,suffrage_movement,shared_tradition,1,victorian_spiritualism
psychic_gazette_founded,spiritualism_boom_1917,shared_tradition,1,victorian_spiritualism
psychic_gazette_founded,fortune_psychic_crisis,shared_tradition,1,victorian_spiritualism
psychic_gazette_founded,fortune_psychic_defense_articles,shared_tradition,1,victorian_spiritualism
psychic_gazette_founded,inner_light,shared_tradition,1,victorian_spiritualism
psychic_gazette_founded,yeats_vision,shared_tradition,1,victorian_spiritualism
psychic_gazette_founded,dion_fortune_psychic_defense,shared_tradition,1,victorian_spiritualism
psychic_gazette_founded,fortune_magical_battle,shared_tradition,1,victorian_spiritualism
psychic_gazette_founded,dion_fortune_death,shared_tradition,1,victorian_spiritualism
psychic_gazette_founded,fox_sisters_hydesville,shared_tradition,1,victorian_spiritualism
psychic_gazette_founded,houghton_spirit_drawings,shared_tradition,1,victorian_spiritualism
psychic_gazette_founded,roberts_seth_material,shared_tradition,1,victorian_spiritualism
psychic_gazette_founded,hilma_af_klint_paintings,shared_tradition,1,victorian_spiritualism
psychic_gazette_founded,suffrage_movement,shared_tradition,1,victorian_spiritualism
spiritualism_boom_1917,fortune_psychic_crisis,shared_tradition,1,victorian_spiritualism
spiritualism_boom_1917,fortune_psychic_defense_articles,shared_tradition,1,victorian_spiritualism
spiritualism_boom_1917,inner_light,shared_tradition,1,victorian_spiritualism
spiritualism_boom_1917,yeats_vision,shared_tradition,1,victorian_spiritualism
spiritualism_boom_1917,dion_fortune_psychic_defense,shared_tradition,1,victorian_spiritualism
spiritualism_boom_1917,fortune_magical_battle,shared_tradition,1,victorian_spiritualism
spiritualism_boom_1917,dion_fortune_death,shared_tradition,1,victorian_spiritualism
spiritualism_boom_1917,fox_sisters_hydesville,shared_tradition,1,victorian_spiritualism
spiritualism_boom_1917,houghton_spirit_drawings,shared_tradition,1,victorian_spiritualism
spiritualism_boom_1917,roberts_seth_material,shared_tradition,1,victorian_spiritualism
spiritualism_boom_1917,hilma_af_klint_paintings,shared_tradition,1,victorian_spiritualism
spiritualism_boom_1917,suffrage_movement,shared_tradition,1,victorian_spiritualism
fortune_psychic_crisis,fortune_psychic_defense_articles,shared_tradition,1,victorian_spiritualism
fortune_psychic_crisis,inner_light,shared_tradition,1,victorian_spiritualism
fortune_psychic_crisis,yeats_vision,shared_tradition,1,victorian_spiritualism
fortune_psychic_crisis,dion_fortune_psychic_defense,shared_tradition,1,victorian_spiritualism
fortune_psychic_crisis,fortune_magical_battle,shared_tradition,1,victorian_spiritualism
fortune_psychic_crisis,dion_fortune_death,shared_tradition,1,victorian_spiritualism
fortune_psychic_crisis,fox_sisters_hydesville,shared_tradition,1,victorian_spiritualism
fortune_psychic_crisis,houghton_spirit_drawings,shared_tradition,1,victorian_spiritualism
fortune_psychic_crisis,roberts_seth_material,shared_tradition,1,victorian_spiritualism
fortune_psychic_crisis,hilma_af_klint_paintings,shared_tradition,1,victorian_spiritualism
fortune_psychic_crisis,suffrage_movement,shared_tradition,1,victorian_spiritualism
fortune_psychic_defense_articles,inner_light,shared_tradition,1,victorian_spiritualism
fortune_psychic_defense_articles,yeats_vision,shared_tradition,1,victorian_spiritualism
fortune_psychic_defense_articles,dion_fortune_psychic_defense,shared_tradition,1,victorian_spiritualism
fortune_psychic_defense_articles,fortune_magical_battle,shared_tradition,1,victorian_spiritualism
fortune_psychic_defense_articles,dion_fortune_death,shared_tradition,1,victorian_spiritualism
fortune_psychic_defense_articles,fox_sisters_hydesville,shared_tradition,1,victorian_spiritualism
fortune_psychic_defense_articles,houghton_spirit_drawings,shared_tradition,1,victorian_spiritualism
fortune_psychic_defense_articles,roberts_seth_material,shared_tradition,1,victorian_spiritualism
fortune_psychic_defense_articles,hilma_af_klint_paintings,shared_tradition,1,victorian_spiritualism
fortune_psychic_defense_articles,suffrage_movement,shared_tradition,1,victorian_spiritualism
inner_light,yeats_vision,shared_tradition,1,victorian_spiritualism
inner_light,dion_fortune_psychic_defense,shared_tradition,1,victorian_spiritualism
inner_light,fortune_magical_battle,shared_tradition,1,victorian_spiritualism
inner_light,dion_fortune_death,shared_tradition,1,victorian_spiritualism
inner_light,fox_sisters_hydesville,shared_tradition,1,victorian_spiritualism
inner_light,houghton_spirit_drawings,shared_tradition,1,victorian_spiritualism
inner_light,roberts_seth_material,shared_tradition,1,victorian_spiritualism
inner_light,hilma_af_klint_paintings,shared_tradition,1,victorian_spiritualism
inner_light,suffrage_movement,shared_tradition,1,victorian_spiritualism
yeats_vision,dion_fortune_psychic_defense,shared_tradition,1,victorian_spiritualism
yeats_vision,fortune_magical_battle,shared_tradition,1,victorian_spiritualism
yeats_vision,dion_fortune_death,shared_tradition,1,victorian_spiritualism
yeats_vision,fox_sisters_hydesville,shared_tradition,1,victorian_spiritualism
yeats_vision,houghton_spirit_drawings,shared_tradition,1,victorian_spiritualism
yeats_vision,roberts_seth_material,shared_tradition,1,victorian_spiritualism
yeats_vision,hilma_af_klint_paintings,shared_tradition,1,victorian_spiritualism
yeats_vision,suffrage_movement,shared_tradition,1,victorian_spiritualism
dion_fortune_psychic_defense,fortune_magical_battle,shared_tradition,1,victorian_spiritualism
dion_fortune_psychic_defense,dion_fortune_death,shared_tradition,1,victorian_spiritualism
dion_fortune_psychic_defense,fox_sisters_hydesville,shared_tradition,1,victorian_spiritualism
dion_fortune_psychic_defense,houghton_spirit_drawings,shared_tradition,1,victorian_spiritualism
dion_fortune_psychic_defense,roberts_seth_material,shared_tradition,1,victorian_spiritualism
dion_fortune_psychic_defense,hilma_af_klint_paintings,shared_tradition,1,victorian_spiritualism
dion_fortune_psychic_defense,suffrage_movement,shared_tradition,1,victorian_spiritualism
fortune_magical_battle,dion_fortune_death,shared_tradition,1,victorian_spiritualism
fortune_magical_battle,fox_sisters_hydesville,shared_tradition,1,victorian_spiritualism
fortune_magical_battle,houghton_spirit_drawings,shared_tradition,1,victorian_spiritualism
fortune_magical_battle,roberts_seth_material,shared_tradition,1,victorian_spiritualism
fortune_magical_battle,hilma_af_klint_paintings,shared_tradition,1,victorian_spiritualism
fortune_magical_battle,suffrage_movement,shared_tradition,1,victorian_spiritualism
dion_fortune_death,fox_sisters_hydesville,shared_tradition,1,victorian_spiritualism
dion_fortune_death,houghton_spirit_drawings,shared_tradition,1,victorian_spiritualism
dion_fortune_death,roberts_seth_material,shared_tradition,1,victorian_spiritualism
dion_fortune_death,hilma_af_klint_paintings,shared_tradition,1,victorian_spiritualism
dion_fortune_death,suffrage_movement,shared_tradition,1,victorian_spiritualism
fox_sisters_hydesville,houghton_spirit_drawings,shared_tradition,1,victorian_spiritualism
fox_sisters_hydesville,roberts_seth_material,shared_tradition,1,victorian_spiritualism
fox_sisters_hydesville,hilma_af_klint_paintings,shared_tradition,1,victorian_spiritualism
fox_sisters_hydesville,suffrage_movement,shared_tradition,1,victorian_spiritualism
houghton_spirit_drawings,roberts_seth_material,shared_tradition,1,victorian_spiritualism
houghton_spirit_drawings,hilma_af_klint_paintings,shared_tradition,1,victorian_spiritualism
houghton_spirit_drawings,suffrage_movement,shared_tradition,1,victorian_spiritualism
roberts_seth_material,hilma_af_klint_paintings,shared_tradition,1,victorian_spiritualism
roberts_seth_material,suffrage_movement,shared_tradition,1,victorian_spiritualism
hilma_af_klint_paintings,suffrage_movement,shared_tradition,1,victorian_spiritualism
crowley_equinox_journal,crowley_oto_head,shared_tradition,1,thelema
crowley_equinox_journal,crowley_magick_book,shared_tradition,1,thelema
crowley_equinox_journal,crowley_expelled_italy,shared_tradition,1,thelema
crowley_equinox_journal,abbey_thelema_raided,shared_tradition,1,thelema
crowley_equinox_journal,crowley_magick_theory_practice,shared_tradition,1,thelema
crowley_equinox_journal,crowley_book_of_thoth,shared_tradition,1,thelema
crowley_equinox_journal,crowley_death,shared_tradition,1,thelema
crowley_equinox_journal,kenneth_anger_inauguration,shared_tradition,1,thelema
crowley_equinox_journal,jodorowsky_holy_mountain,shared_tradition,1,thelema
crowley_equinox_journal,a_a_founding,shared_tradition,1,thelema
crowley_oto_head,crowley_magick_book,shared_tradition,1,thelema
crowley_oto_head,crowley_expelled_italy,shared_tradition,1,thelema
crowley_oto_head,abbey_thelema_raided,shared_tradition,1,thelema
crowley_oto_head,crowley_magick_theory_practice,shared_tradition,1,thelema
crowley_oto_head,crowley_book_of_thoth,shared_tradition,1,thelema
crowley_oto_head,crowley_death,shared_tradition,1,thelema
crowley_oto_head,kenneth_anger_inauguration,shared_tradition,1,thelema
crowley_oto_head,jodorowsky_holy_mountain,shared_tradition,1,thelema
crowley_oto_head,a_a_founding,shared_tradition,1,thelema
crowley_magick_book,crowley_expelled_italy,shared_tradition,1,thelema
crowley_magick_book,abbey_thelema_raided,shared_tradition,1,thelema
crowley_magick_book,crowley_magick_theory_practice,shared_tradition,1,thelema
crowley_magick_book,crowley_book_of_thoth,shared_tradition,1,thelema
crowley_magick_book,crowley_death,shared_tradition,1,thelema
crowley_magick_book,kenneth_anger_inauguration,shared_tradition,1,thelema
crowley_magick_book,jodorowsky_holy_mountain,shared_tradition,1,thelema
crowley_magick_book,a_a_founding,shared_tradition,1,thelema
crowley_expelled_italy,abbey_thelema_raided,shared_tradition,1,thelema
crowley_expelled_italy,crowley_magick_theory_practice,shared_tradition,1,thelema
crowley_expelled_italy,crowley_book_of_thoth,shared_tradition,1,thelema
crowley_expelled_italy,crowley_death,shared_tradition,1,thelema
crowley_expelled_italy,kenneth_anger_inauguration,shared_tradition,1,thelema
crowley_expelled_italy,jodorowsky_holy_mountain,shared_tradition,1,thelema
crowley_expelled_italy,a_a_founding,shared_tradition,1,thelema
abbey_thelema_raided,crowley_magick_theory_practice,shared_tradition,1,thelema
abbey_thelema_raided,crowley_book_of_thoth,shared_tradition,1,thelema
abbey_thelema_raided,crowley_death,shared_tradition,1,thelema
abbey_thelema_raided,kenneth_anger_inauguration,shared_tradition,1,thelema
abbey_thelema_raided,jodorowsky_holy_mountain,shared_tradition,1,thelema
abbey_thelema_raided,a_a_founding,shared_tradition,1,thelema
crowley_magick_theory_practice,crowley_book_of_thoth,shared_tradition,1,thelema
crowley_magick_theory_practice,crowley_death,shared_tradition,1,thelema
crowley_magick_theory_practice,kenneth_anger_inauguration,shared_tradition,1,thelema
crowley_magick_theory_practice,jodorowsky_holy_mountain,shared_tradition,1,thelema
crowley_magick_theory_practice,a_a_founding,shared_tradition,1,thelema
crowley_book_of_thoth,crowley_death,shared_tradition,1,thelema
crowley_book_of_thoth,kenneth_anger_inauguration,shared_tradition,1,thelema
crowley_book_of_thoth,jodorowsky_holy_mountain,shared_tradition,1,thelema
crowley_book_of_thoth,a_a_founding,shared_tradition,1,thelema
crowley_death,kenneth_anger_inauguration,shared_tradition,1,thelema
crowley_death,jodorowsky_holy_mountain,shared_tradition,1,thelema
crowley_death,a_a_founding,shared_tradition,1,thelema
kenneth_anger_inauguration,jodorowsky_holy_mountain,shared_tradition,1,thelema
kenneth_anger_inauguration,a_a_founding,shared_tradition,1,thelema
jodorowsky_holy_mountain,a_a_founding,shared_tradition,1,thelema
waite_ceremonial_magic,crowley_oto_head,shared_tradition,1,grimoire_tradition
waite_ceremonial_magic,fortune_mystical_qabalah,shared_tradition,1,grimoire_tradition
waite_ceremonial_magic,picatrix_translation,shared_tradition,1,grimoire_tradition
waite_ceremonial_magic,sefer_hazohar,shared_tradition,1,grimoire_tradition
waite_ceremonial_magic,john_dee_monas,shared_tradition,1,grimoire_tradition
waite_ceremonial_magic,barrett_magus,shared_tradition,1,grimoire_tradition
waite_ceremonial_magic,levi_dogme_rituel,shared_tradition,1,grimoire_tradition
crowley_oto_head,fortune_mystical_qabalah,shared_tradition,1,grimoire_tradition
crowley_oto_head,picatrix_translation,shared_tradition,1,grimoire_tradition
crowley_oto_head,sefer_hazohar,shared_tradition,1,grimoire_tradition
crowley_oto_head,john_dee_monas,shared_tradition,1,grimoire_tradition
crowley_oto_head,barrett_magus,shared_tradition,1,grimoire_tradition
crowley_oto_head,levi_dogme_rituel,shared_tradition,1,grimoire_tradition
fortune_mystical_qabalah,picatrix_translation,shared_tradition,1,grimoire_tradition
fortune_mystical_qabalah,sefer_hazohar,shared_tradition,1,grimoire_tradition
fortune_mystical_qabalah,john_dee_monas,shared_tradition,1,grimoire_tradition
fortune_mystical_qabalah,barrett_magus,shared_tradition,1,grimoire_tradition
fortune_mystical_qabalah,levi_dogme_rituel,shared_tradition,1,grimoire_tradition
picatrix_translation,sefer_hazohar,shared_tradition,1,grimoire_tradition
picatrix_translation,john_dee_monas,shared_tradition,1,grimoire_tradition
picatrix_translation,barrett_magus,shared_tradition,1,grimoire_tradition
picatrix_translation,levi_dogme_rituel,shared_tradition,1,grimoire_tradition
sefer_hazohar,john_dee_monas,shared_tradition,1,grimoire_tradition
sefer_hazohar,barrett_magus,shared_tradition,1,grimoire_tradition
sefer_hazohar,levi_dogme_rituel,shared_tradition,1,grimoire_tradition
john_dee_monas,barrett_magus,shared_tradition,1,grimoire_tradition
john_dee_monas,levi_dogme_rituel,shared_tradition,1,grimoire_tradition
barrett_magus,levi_dogme_rituel,shared_tradition,1,grimoire_tradition
yeats_hour_glass,inner_light,shared_tradition,1,celtic_devotional
yeats_hour_glass,yeats_vision,shared_tradition,1,celtic_devotional
inner_light,yeats_vision,shared_tradition,1,celtic_devotional
wwi_outbreak_occult,wwi_trench_magic,shared_tradition,1,british_folk_magic
wwi_outbreak_occult,trench_letter_charms,shared_tradition,1,british_folk_magic
wwi_outbreak_occult,gardner_returns_colonial,shared_tradition,1,british_folk_magic
wwi_outbreak_occult,witch_column_1920,shared_tradition,1,british_folk_magic
wwi_outbreak_occult,murray_witch_cult,shared_tradition,1,british_folk_magic
wwi_outbreak_occult,dion_fortune_psychic_defense,shared_tradition,1,british_folk_magic
wwi_outbreak_occult,gardner_folklore_society,shared_tradition,1,british_folk_magic
wwi_outbreak_occult,murray_god_of_witches,shared_tradition,1,british_folk_magic
wwi_outbreak_occult,gardner_new_forest_initiation,shared_tradition,1,british_folk_magic
wwi_outbreak_occult,blitz_begins,shared_tradition,1,british_folk_magic
wwi_outbreak_occult,blitz_protective_magic,shared_tradition,1,british_folk_magic
wwi_outbreak_occult,witchcraft_act_repeal,shared_tradition,1,british_folk_magic
wwi_outbreak_occult,pgm_papyri,shared_tradition,1,british_folk_magic
wwi_outbreak_occult,anglo_saxon_leechbooks,shared_tradition,1,british_folk_magic
wwi_outbreak_occult,leland_aradia,shared_tradition,1,british_folk_magic
wwi_outbreak_occult,gardner_witchcraft_today,shared_tradition,1,british_folk_magic
wwi_trench_magic,trench_letter_charms,shared_tradition,1,british_folk_magic
wwi_trench_magic,gardner_returns_colonial,shared_tradition,1,british_folk_magic
wwi_trench_magic,witch_column_1920,shared_tradition,1,british_folk_magic
wwi_trench_magic,murray_witch_cult,shared_tradition,1,british_folk_magic
wwi_trench_magic,dion_fortune_psychic_defense,shared_tradition,1,british_folk_magic
wwi_trench_magic,gardner_folklore_society,shared_tradition,1,british_folk_magic
wwi_trench_magic,murray_god_of_witches,shared_tradition,1,british_folk_magic
wwi_trench_magic,gardner_new_forest_initiation,shared_tradition,1,british_folk_magic
wwi_trench_magic,blitz_begins,shared_tradition,1,british_folk_magic
wwi_trench_magic,blitz_protective_magic,shared_tradition,1,british_folk_magic
wwi_trench_magic,witchcraft_act_repeal,shared_tradition,1,british_folk_magic
wwi_trench_magic,pgm_papyri,shared_tradition,1,british_folk_magic
wwi_trench_magic,anglo_saxon_leechbooks,shared_tradition,1,british_folk_magic
wwi_trench_magic,leland_aradia,shared_tradition,1,british_folk_magic
wwi_trench_magic,gardner_witchcraft_today,shared_tradition,1,british_folk_magic
trench_letter_charms,gardner_returns_colonial,shared_tradition,1,british_folk_magic
trench_letter_charms,witch_column_1920,shared_tradition,1,british_folk_magic
trench_letter_charms,murray_witch_cult,shared_tradition,1,british_folk_magic
trench_letter_charms,dion_fortune_psychic_defense,shared_tradition,1,british_folk_magic
trench_letter_charms,gardner_folklore_society,shared_tradition,1,british_folk_magic
trench_letter_charms,murray_god_of_witches,shared_tradition,1,british_folk_magic
trench_letter_charms,gardner_new_forest_initiation,shared_tradition,1,british_folk_magic
trench_letter_charms,blitz_begins,shared_tradition,1,british_folk_magic
trench_letter_charms,blitz_protective_magic,shared_tradition,1,british_folk_magic
trench_letter_charms,witchcraft_act_repeal,shared_tradition,1,british_folk_magic
trench_letter_charms,pgm_papyri,shared_tradition,1,british_folk_magic
trench_letter_charms,anglo_saxon_leechbooks,shared_tradition,1,british_folk_magic
trench_letter_charms,leland_aradia,shared_tradition,1,british_folk_magic
trench_letter_charms,gardner_witchcraft_today,shared_tradition,1,british_folk_magic
gardner_returns_colonial,witch_column_1920,shared_tradition,1,british_folk_magic
gardner_returns_colonial,murray_witch_cult,shared_tradition,1,british_folk_magic
gardner_returns_colonial,dion_fortune_psychic_defense,shared_tradition,1,british_folk_magic
gardner_returns_colonial,gardner_folklore_society,shared_tradition,1,british_folk_magic
gardner_returns_colonial,murray_god_of_witches,shared_tradition,1,british_folk_magic
gardner_returns_colonial,gardner_new_forest_initiation,shared_tradition,1,british_folk_magic
gardner_returns_colonial,blitz_begins,shared_tradition,1,british_folk_magic
gardner_returns_colonial,blitz_protective_magic,shared_tradition,1,british_folk_magic
gardner_returns_colonial,witchcraft_act_repeal,shared_tradition,1,british_folk_magic
gardner_returns_colonial,pgm_papyri,shared_tradition,1,british_folk_magic
gardner_returns_colonial,anglo_saxon_leechbooks,shared_tradition,1,british_folk_magic
gardner_returns_colonial,leland_aradia,shared_tradition,1,british_folk_magic
gardner_returns_colonial,gardner_witchcraft_today,shared_tradition,1,british_folk_magic
witch_column_1920,murray_witch_cult,shared_tradition,1,british_folk_magic
witch_column_1920,dion_fortune_psychic_defense,shared_tradition,1,british_folk_magic
witch_column_1920,gardner_folklore_society,shared_tradition,1,british_folk_magic
witch_column_1920,murray_god_of_witches,shared_tradition,1,british_folk_magic
witch_column_1920,gardner_new_forest_initiation,shared_tradition,1,british_folk_magic
witch_column_1920,blitz_begins,shared_tradition,1,british_folk_magic
witch_column_1920,blitz_protective_magic,shared_tradition,1,british_folk_magic
witch_column_1920,witchcraft_act_repeal,shared_tradition,1,british_folk_magic
witch_column_1920,pgm_papyri,shared_tradition,1,british_folk_magic
witch_column_1920,anglo_saxon_leechbooks,shared_tradition,1,british_folk_magic
witch_column_1920,leland_aradia,shared_tradition,1,british_folk_magic
witch_column_1920,gardner_witchcraft_today,shared_tradition,1,british_folk_magic
murray_witch_cult,dion_fortune_psychic_defense,shared_tradition,1,british_folk_magic
murray_witch_cult,gardner_folklore_society,shared_tradition,1,british_folk_magic
murray_witch_cult,murray_god_of_witches,shared_tradition,1,british_folk_magic
murray_witch_cult,gardner_new_forest_initiation,shared_tradition,1,british_folk_magic
murray_witch_cult,blitz_begins,shared_tradition,1,british_folk_magic
murray_witch_cult,blitz_protective_magic,shared_tradition,1,british_folk_magic
murray_witch_cult,witchcraft_act_repeal,shared_tradition,1,british_folk_magic
murray_witch_cult,pgm_papyri,shared_tradition,1,british_folk_magic
murray_witch_cult,anglo_saxon_leechbooks,shared_tradition,1,british_folk_magic
murray_witch_cult,leland_aradia,shared_tradition,1,british_folk_magic
murray_witch_cult,gardner_witchcraft_today,shared_tradition,1,british_folk_magic
dion_fortune_psychic_defense,gardner_folklore_society,shared_tradition,1,british_folk_magic
dion_fortune_psychic_defense,murray_god_of_witches,shared_tradition,1,british_folk_magic
dion_fortune_psychic_defense,gardner_new_forest_initiation,shared_tradition,1,british_folk_magic
dion_fortune_psychic_defense,blitz_begins,shared_tradition,1,british_folk_magic
dion_fortune_psychic_defense,blitz_protective_magic,shared_tradition,1,british_folk_magic
dion_fortune_psychic_defense,witchcraft_act_repeal,shared_tradition,1,british_folk_magic
dion_fortune_psychic_defense,pgm_papyri,shared_tradition,1,british_folk_magic
dion_fortune_psychic_defense,anglo_saxon_leechbooks,shared_tradition,1,british_folk_magic
dion_fortune_psychic_defense,leland_aradia,shared_tradition,1,british_folk_magic
dion_fortune_psychic_defense,gardner_witchcraft_today,shared_tradition,1,british_folk_magic
gardner_folklore_society,murray_god_of_witches,shared_tradition,1,british_folk_magic
gardner_folklore_society,gardner_new_forest_initiation,shared_tradition,1,british_folk_magic
gardner_folklore_society,blitz_begins,shared_tradition,1,british_folk_magic
gardner_folklore_society,blitz_protective_magic,shared_tradition,1,british_folk_magic
gardner_folklore_society,witchcraft_act_repeal,shared_tradition,1,british_folk_magic
gardner_folklore_society,pgm_papyri,shared_tradition,1,british_folk_magic
gardner_folklore_society,anglo_saxon_leechbooks,shared_tradition,1,british_folk_magic
gardner_folklore_society,leland_aradia,shared_tradition,1,british_folk_magic
gardner_folklore_society,gardner_witchcraft_today,shared_tradition,1,british_folk_magic
murray_god_of_witches,gardner_new_forest_initiation,shared_tradition,1,british_folk_magic
murray_god_of_witches,blitz_begins,shared_tradition,1,british_folk_magic
murray_god_of_witches,blitz_protective_magic,shared_tradition,1,british_folk_magic
murray_god_of_witches,witchcraft_act_repeal,shared_tradition,1,british_folk_magic
murray_god_of_witches,pgm_papyri,shared_tradition,1,british_folk_magic
murray_god_of_witches,anglo_saxon_leechbooks,shared_tradition,1,british_folk_magic
murray_god_of_witches,leland_aradia,shared_tradition,1,british_folk_magic
murray_god_of_witches,gardner_witchcraft_today,shared_tradition,1,british_folk_magic
gardner_new_forest_initiation,blitz_begins,shared_tradition,1,british_folk_magic
gardner_new_forest_initiation,blitz_protective_magic,shared_tradition,1,british_folk_magic
gardner_new_forest_initiation,witchcraft_act_repeal,shared_tradition,1,british_folk_magic
gardner_new_forest_initiation,pgm_papyri,shared_tradition,1,british_folk_magic
gardner_new_forest_initiation,anglo_saxon_leechbooks,shared_tradition,1,british_folk_magic
gardner_new_forest_initiation,leland_aradia,shared_tradition,1,british_folk_magic
gardner_new_forest_initiation,gardner_witchcraft_today,shared_tradition,1,british_folk_magic
blitz_begins,blitz_protective_magic,shared_tradition,1,british_folk_magic
blitz_begins,witchcraft_act_repeal,shared_tradition,1,british_folk_magic
blitz_begins,pgm_papyri,shared_tradition,1,british_folk_magic
blitz_begins,anglo_saxon_leechbooks,shared_tradition,1,british_folk_magic
blitz_begins,leland_aradia,shared_tradition,1,british_folk_magic
blitz_begins,gardner_witchcraft_today,shared_tradition,1,british_folk_magic
blitz_protective_magic,witchcraft_act_repeal,shared_tradition,1,british_folk_magic
blitz_protective_magic,pgm_papyri,shared_tradition,1,british_folk_magic
blitz_protective_magic,anglo_saxon_leechbooks,shared_tradition,1,british_folk_magic
blitz_protective_magic,leland_aradia,shared_tradition,1,british_folk_magic
blitz_protective_magic,gardner_witchcraft_today,shared_tradition,1,british_folk_magic
witchcraft_act_repeal,pgm_papyri,shared_tradition,1,british_folk_magic
witchcraft_act_repeal,anglo_saxon_leechbooks,shared_tradition,1,british_folk_magic
witchcraft_act_repeal,leland_aradia,shared_tradition,1,british_folk_magic
witchcraft_act_repeal,gardner_witchcraft_today,shared_tradition,1,british_folk_magic
pgm_papyri,anglo_saxon_leechbooks,shared_tradition,1,british_folk_magic
pgm_papyri,leland_aradia,shared_tradition,1,british_folk_magic
pgm_papyri,gardner_witchcraft_today,shared_tradition,1,british_folk_magic
anglo_saxon_leechbooks,leland_aradia,shared_tradition,1,british_folk_magic
anglo_saxon_leechbooks,gardner_witchcraft_today,shared_tradition,1,british_folk_magic
leland_aradia,gardner_witchcraft_today,shared_tradition,1,british_folk_magic
wwi_outbreak_occult,wwi_trench_magic,shared_tradition,1,wartime_domestic_life
wwi_outbreak_occult,trench_letter_charms,shared_tradition,1,wartime_domestic_life
wwi_outbreak_occult,blitz_begins,shared_tradition,1,wartime_domestic_life
wwi_outbreak_occult,fortune_magical_battle,shared_tradition,1,wartime_domestic_life
wwi_outbreak_occult,blitz_protective_magic,shared_tradition,1,wartime_domestic_life
wwi_outbreak_occult,night_witches_588th,shared_tradition,1,wartime_domestic_life
wwi_trench_magic,trench_letter_charms,shared_tradition,1,wartime_domestic_life
wwi_trench_magic,blitz_begins,shared_tradition,1,wartime_domestic_life
wwi_trench_magic,fortune_magical_battle,shared_tradition,1,wartime_domestic_life
wwi_trench_magic,blitz_protective_magic,shared_tradition,1,wartime_domestic_life
wwi_trench_magic,night_witches_588th,shared_tradition,1,wartime_domestic_life
trench_letter_charms,blitz_begins,shared_tradition,1,wartime_domestic_life
trench_letter_charms,fortune_magical_battle,shared_tradition,1,wartime_domestic_life
trench_letter_charms,blitz_protective_magic,shared_tradition,1,wartime_domestic_life
trench_letter_charms,night_witches_588th,shared_tradition,1,wartime_domestic_life
blitz_begins,fortune_magical_battle,shared_tradition,1,wartime_domestic_life
blitz_begins,blitz_protective_magic,shared_tradition,1,wartime_domestic_life
blitz_begins,night_witches_588th,shared_tradition,1,wartime_domestic_life
fortune_magical_battle,blitz_protective_magic,shared_tradition,1,wartime_domestic_life
fortune_magical_battle,night_witches_588th,shared_tradition,1,wartime_domestic_life
blitz_protective_magic,night_witches_588th,shared_tradition,1,wartime_domestic_life
wwi_trench_magic,blitz_protective_magic,shared_tradition,1,traveller_charms
wwi_trench_magic,trench_letter_charms,shared_tradition,1,lorica_prayers
murray_witch_cult,gardner_folklore_society,shared_tradition,1,cunning_folk
murray_witch_cult,murray_god_of_witches,shared_tradition,1,cunning_folk
murray_witch_cult,gardner_new_forest_initiation,shared_tradition,1,cunning_folk
murray_witch_cult,witchcraft_act_repeal,shared_tradition,1,cunning_folk
murray_witch_cult,anglo_saxon_leechbooks,shared_tradition,1,cunning_folk
murray_witch_cult,leland_aradia,shared_tradition,1,cunning_folk
murray_witch_cult,gardner_witchcraft_today,shared_tradition,1,cunning_folk
gardner_folklore_society,murray_god_of_witches,shared_tradition,1,cunning_folk
gardner_folklore_society,gardner_new_forest_initiation,shared_tradition,1,cunning_folk
gardner_folklore_society,witchcraft_act_repeal,shared_tradition,1,cunning_folk
gardner_folklore_society,anglo_saxon_leechbooks,shared_tradition,1,cunning_folk
gardner_folklore_society,leland_aradia,shared_tradition,1,cunning_folk
gardner_folklore_society,gardner_witchcraft_today,shared_tradition,1,cunning_folk
murray_god_of_witches,gardner_new_forest_initiation,shared_tradition,1,cunning_folk
murray_god_of_witches,witchcraft_act_repeal,shared_tradition,1,cunning_folk
murray_god_of_witches,anglo_saxon_leechbooks,shared_tradition,1,cunning_folk
murray_god_of_witches,leland_aradia,shared_tradition,1,cunning_folk
murray_god_of_witches,gardner_witchcraft_today,shared_tradition,1,cunning_folk
gardner_new_forest_initiation,witchcraft_act_repeal,shared_tradition,1,cunning_folk
gardner_new_forest_initiation,anglo_saxon_leechbooks,shared_tradition,1,cunning_folk
gardner_new_forest_initiation,leland_aradia,shared_tradition,1,cunning_folk
gardner_new_forest_initiation,gardner_witchcraft_today,shared_tradition,1,cunning_folk
witchcraft_act_repeal,anglo_saxon_leechbooks,shared_tradition,1,cunning_folk
witchcraft_act_repeal,leland_aradia,shared_tradition,1,cunning_folk
witchcraft_act_repeal,gardner_witchcraft_today,shared_tradition,1,cunning_folk
anglo_saxon_leechbooks,leland_aradia,shared_tradition,1,cunning_folk
anglo_saxon_leechbooks,gardner_witchcraft_today,shared_tradition,1,cunning_folk
leland_aradia,gardner_witchcraft_today,shared_tradition,1,cunning_folk
witch_hunt_reclamation,hex_patriarchy,shared_tradition,1,folk_magic
theosophy_anticolonial,hilma_af_klint_paintings,shared_tradition,1,theosophy
theosophy_anticolonial,suffrage_movement,shared_tradition,1,theosophy
theosophy_anticolonial,theosophy_social,shared_tradition,1,theosophy
hilma_af_klint_paintings,suffrage_movement,shared_tradition,1,theosophy
hilma_af_klint_paintings,theosophy_social,shared_tradition,1,theosophy
suffrage_movement,theosophy_social,shared_tradition,1,theosophy
witch_1968,reclaiming,shared_tradition,1,feminist_spirituality
witch_1968,goddess_movement,shared_tradition,1,feminist_spirituality
reclaiming,goddess_movement,shared_tradition,1,feminist_spirituality
dianic_wicca,reclaiming,shared_tradition,1,dianic_wicca
dianic_wicca,goddess_movement,shared_tradition,1,dianic_wicca
reclaiming,goddess_movement,shared_tradition,1,dianic_wicca
dianic_wicca,hex_patriarchy,shared_tradition,1,feminist_witchcraft
spiral_dance,occupy_rituals,shared_tradition,1,reclaiming
spiral_dance,wto_protests,shared_tradition,1,reclaiming
occupy_rituals,wto_protests,shared_tradition,1,reclaiming
pentacle_headstones,gardner_wicca,shared_tradition,1,wicca
pentacle_headstones,reclaiming,shared_tradition,1,wicca
pentacle_headstones,goddess_movement,shared_tradition,1,wicca
pentacle_headstones,lgbtq_paganism,shared_tradition,1,wicca
pentacle_headstones,climate_activism,shared_tradition,1,wicca
pentacle_headstones,environmentalism,shared_tradition,1,wicca
gardner_wicca,reclaiming,shared_tradition,1,wicca
gardner_wicca,goddess_movement,shared_tradition,1,wicca
gardner_wicca,lgbtq_paganism,shared_tradition,1,wicca
gardner_wicca,climate_activism,shared_tradition,1,wicca
gardner_wicca,environmentalism,shared_tradition,1,wicca
reclaiming,goddess_movement,shared_tradition,1,wicca
reclaiming,lgbtq_paganism,shared_tradition,1,wicca
reclaiming,climate_activism,shared_tradition,1,wicca
reclaiming,environmentalism,shared_tradition,1,wicca
goddess_movement,lgbtq_paganism,shared_tradition,1,wicca
goddess_movement,climate_activism,shared_tradition,1,wicca
goddess_movement,environmentalism,shared_tradition,1,wicca
lgbtq_paganism,climate_activism,shared_tradition,1,wicca
lgbtq_paganism,environmentalism,shared_tradition,1,wicca
climate_activism,environmentalism,shared_tradition,1,wicca
pentacle_headstones,decolonial_paganism,shared_tradition,1,modern_paganism
magic_resistance,witchtok_activism,shared_tradition,1,eclectic_witchcraft
stella_matutina,key_of_solomon,shared_tradition,1,ceremonial_magic
hermetic_texts,hilma_af_klint_paintings,shared_tradition,1,rosicrucianism
goddess_movement,climate_activism,shared_tradition,1,neopaganism
lgbtq_paganism,climate_activism,shared_tradition,1,druidry
lgbtq_paganism,environmentalism,shared_tradition,1,druidry
climate_activism,environmentalism,shared_tradition,1,druidry
